{
	"textures": {
		"0": "unknown"
	},
	"elements": [
		{
			"from": [6.4292, 6.4292, 7.01825],
			"to": [9.5708, 9.5708, 8.98175],
			"light_emission": 0,
			"faces": {
				"north": {
					"uv": [0, 1, 4, 5],
					"rotation": 270,
					"texture": "#0"
				},
				"east": {
					"uv": [1, 12, 3, 16],
					"texture": "#0"
				},
				"south": {
					"uv": [0, 1, 4, 5],
					"rotation": 270,
					"texture": "#0"
				},
				"west": {
					"uv": [1, 12, 3, 16],
					"texture": "#0"
				},
				"up": {
					"uv": [1, 12, 3, 16],
					"rotation": 90,
					"texture": "#0"
				},
				"down": {
					"uv": [1, 12, 3, 16],
					"rotation": 90,
					"texture": "#0"
				}
			}
		}
	],
	"display": {
		"thirdperson_righthand": {
			"rotation": [75, -90, 0],
			"translation": [0, 2, 1.25],
			"scale": [0.63662, 0.63662, 0.63662]
		},
		"thirdperson_lefthand": {
			"rotation": [75, -90, 0],
			"translation": [0, 2, 1.25],
			"scale": [0.63662, 0.63662, 0.63662]
		},
		"firstperson_righthand": {
			"rotation": [75, -90, 0],
			"translation": [-3, 5, 3.25],
			"scale": [0.31831, 0.31831, 0.31831]
		},
		"firstperson_lefthand": {
			"rotation": [105, 90, 0],
			"translation": [-3, 1, 3.25],
			"scale": [0.31831, 0.31831, 0.31831]
		},
		"ground": {
			"rotation": [0, 0, -75],
			"translation": [-2, 12, -2],
			"scale": [0.31831, 0.31831, 0.31831]
		},
		"gui": {
			"rotation": [180, 0, 150],
			"translation": [2.82843, -1, 2],
			"scale": [0.31831, 0.31831, 0.31831]
		},
		"head": {
			"rotation": [-180, 0, 135],
			"translation": [6.2141, -13.5359, 4],
			"scale": [0.63662, 0.63662, 0.63662]
		},
		"fixed": {
			"rotation": [0, 0, -30],
			"translation": [-5.52548, 1, -0.45],
			"scale": [0.50929, 0.50929, 0.50929]
		}
	}
}