{
	"textures": {
		"0": "item/madoka_bow"
	},
	"elements": [
		{
			"from": [6.4292, 6.4292, 7.6073],
			"to": [9.5708, 9.5708, 8.3927],
			"light_emission": 0,
			"faces": {
				"north": {
					"uv": [8, 8, 16, 16],
					"texture": "#0"
				},
				"east": {
					"uv": [6, 0, 8, 8],
					"texture": "#0"
				},
				"south": {
					"uv": [8, 0, 16, 8],
					"texture": "#0"
				},
				"west": {
					"uv": [4, 0, 6, 8],
					"texture": "#0"
				},
				"up": {
					"uv": [4, 8, 6, 16],
					"rotation": 90,
					"texture": "#0"
				},
				"down": {
					"uv": [6, 8, 8, 16],
					"rotation": 90,
					"texture": "#0"
				}
			}
		}
	],
	"display": {
		"thirdperson_righthand": {
			"rotation": [-42.06968, 49.27781, 74.26772],
			"translation": [-0.68663, 11.03425, 14.2149],
			"scale": [0.63662, 0.63662, 0.63662]
		},
		"thirdperson_lefthand": {
			"rotation": [-42.06968, 49.27781, 74.26772],
			"translation": [-0.68663, 11.03425, 14.2149],
			"scale": [0.63662, 0.63662, 0.63662]
		},
		"firstperson_righthand": {
			"rotation": [-42.06968, 49.27781, 74.26772],
			"translation": [-3.34331, 9.51713, 9.73245],
			"scale": [0.31831, 0.31831, 0.31831]
		},
		"firstperson_lefthand": {
			"rotation": [42.06968, -49.27781, -105.73228],
			"translation": [-2.65669, -3.51713, 9.73245],
			"scale": [0.31831, 0.31831, 0.31831]
		},
		"ground": {
			"rotation": [-150.02487, 28.966, -155.71353],
			"translation": [4.48245, 16.51713, -1.65669],
			"scale": [0.31831, 0.31831, 0.31831]
		},
		"gui": {
			"rotation": [-40.68513, -1.91124, -13.51061],
			"translation": [1.43873, 6.77788, 1.65669],
			"scale": [0.31831, 0.31831, 0.31831]
		},
		"head": {
			"rotation": [-39.31753, -11.58641, -1.95343],
			"translation": [-0.49671, 0.77045, 3.31337],
			"scale": [0.63662, 0.63662, 0.63662]
		},
		"fixed": {
			"rotation": [-139.31487, 1.91124, 166.48939],
			"translation": [-3.30197, 13.4446, 0.0993],
			"scale": [0.50929, 0.50929, 0.50929]
		}
	}
}