{
	"textures": {
		"0": "unknown"
	},
	"elements": [
		{
			"from": [6.4292, 6.4292, 7.6073],
			"to": [9.5708, 9.5708, 8.3927],
			"light_emission": 0,
			"faces": {
				"north": {
					"uv": [8, 8, 16, 16],
					"texture": "#0"
				},
				"east": {
					"uv": [6, 0, 8, 8],
					"texture": "#0"
				},
				"south": {
					"uv": [8, 0, 16, 8],
					"texture": "#0"
				},
				"west": {
					"uv": [4, 0, 6, 8],
					"texture": "#0"
				},
				"up": {
					"uv": [4, 8, 6, 16],
					"rotation": 90,
					"texture": "#0"
				},
				"down": {
					"uv": [6, 8, 8, 16],
					"rotation": 90,
					"texture": "#0"
				}
			}
		}
	],
	"display": {
		"thirdperson_righthand": {
			"rotation": [31.35553, -6.68398, -38.40345],
			"translation": [-0.03703, 11.94013, 13.85722],
			"scale": [0.63662, 0.63662, 0.63662]
		},
		"thirdperson_lefthand": {
			"rotation": [31.35553, -6.68398, -38.40345],
			"translation": [-0.03703, 11.94013, 13.85722],
			"scale": [0.63662, 0.63662, 0.63662]
		},
		"firstperson_righthand": {
			"rotation": [31.35553, -6.68398, -38.40345],
			"translation": [-3.01852, 9.97006, 9.55361],
			"scale": [0.31831, 0.31831, 0.31831]
		},
		"firstperson_lefthand": {
			"rotation": [-31.35553, 6.68398, 141.59655],
			"translation": [-2.98148, -3.97006, 9.55361],
			"scale": [0.31831, 0.31831, 0.31831]
		},
		"ground": {
			"rotation": [77.30794, 58.0111, -117.58934],
			"translation": [4.30361, 16.97006, -1.98148],
			"scale": [0.31831, 0.31831, 0.31831]
		},
		"gui": {
			"rotation": [-116.41745, -74.8343, -154.02035],
			"translation": [1.88547, 6.97169, 1.98148],
			"scale": [0.31831, 0.31831, 0.31831]
		},
		"head": {
			"rotation": [168.58741, -83.18057, 130.1048],
			"translation": [0.26599, 1.37612, 3.96297],
			"scale": [0.63662, 0.63662, 0.63662]
		},
		"fixed": {
			"rotation": [-63.58255, 74.8343, 25.97965],
			"translation": [-4.01675, 13.75471, -0.42038],
			"scale": [0.50929, 0.50929, 0.50929]
		}
	}
}