{
	"textures": {
		"0": "unknown"
	},
	"elements": [
		{
			"from": [6.8219, 6.8219, 7.74082],
			"to": [9.1781, 9.1781, 8.25918],
			"light_emission": 0,
			"faces": {
				"north": {
					"uv": [8, 8, 16, 16],
					"texture": "#0"
				},
				"east": {
					"uv": [6, 0, 8, 8],
					"texture": "#0"
				},
				"south": {
					"uv": [8, 0, 16, 8],
					"texture": "#0"
				},
				"west": {
					"uv": [4, 0, 6, 8],
					"texture": "#0"
				},
				"up": {
					"uv": [4, 8, 6, 16],
					"rotation": 90,
					"texture": "#0"
				},
				"down": {
					"uv": [6, 8, 8, 16],
					"rotation": 90,
					"texture": "#0"
				}
			}
		}
	],
	"display": {
		"thirdperson_righthand": {
			"rotation": [-37.84086, -66.67523, -144.56293],
			"translation": [0.45327, 11.41249, 14.26676],
			"scale": [0.63662, 0.63662, 0.63662]
		},
		"thirdperson_lefthand": {
			"rotation": [-37.84086, -66.67523, -144.56293],
			"translation": [0.45327, 11.41249, 14.26676],
			"scale": [0.63662, 0.63662, 0.63662]
		},
		"firstperson_righthand": {
			"rotation": [-37.84086, -66.67523, -144.56293],
			"translation": [-2.77337, 9.70624, 9.75838],
			"scale": [0.31831, 0.31831, 0.31831]
		},
		"firstperson_lefthand": {
			"rotation": [37.84086, 66.67523, 35.43707],
			"translation": [-3.22663, -3.70624, 9.75838],
			"scale": [0.31831, 0.31831, 0.31831]
		},
		"ground": {
			"rotation": [-14.81634, 18.22099, -104.33312],
			"translation": [4.50838, 16.70624, -2.22663],
			"scale": [0.31831, 0.31831, 0.31831]
		},
		"gui": {
			"rotation": [-156.83784, -2.82839, 118.85765],
			"translation": [1.55413, 6.92993, 2.22663],
			"scale": [0.31831, 0.31831, 0.31831]
		},
		"head": {
			"rotation": [-158.23152, -8.58878, 104.9324],
			"translation": [-0.3525, 1.12393, 4.45327],
			"scale": [0.63662, 0.63662, 0.63662]
		},
		"fixed": {
			"rotation": [-23.16216, 2.82839, -61.14235],
			"translation": [-3.4866, 13.6879, -0.81261],
			"scale": [0.50929, 0.50929, 0.50929]
		}
	}
}