{
	"textures": {
		"0": "item/madoka_bow"
	},
	"elements": [
		{
			"from": [6.8219, 6.8219, 7.74082],
			"to": [9.1781, 9.1781, 8.25918],
			"light_emission": 0,
			"faces": {
				"north": {
					"uv": [8, 8, 16, 16],
					"rotation": 90,
					"texture": "#0"
				},
				"east": {
					"uv": [6, 8, 8, 0],
					"texture": "#0"
				},
				"south": {
					"uv": [8, 0, 16, 8],
					"rotation": 270,
					"texture": "#0"
				},
				"west": {
					"uv": [6, 8, 4, 0],
					"texture": "#0"
				},
				"up": {
					"uv": [8, 8, 6, 16],
					"rotation": 90,
					"texture": "#0"
				},
				"down": {
					"uv": [6, 8, 4, 16],
					"rotation": 90,
					"texture": "#0"
				}
			}
		}
	],
	"display": {
		"thirdperson_righthand": {
			"rotation": [-67.11757, 19.09115, 26.03661],
			"translation": [-0.18357, 10.86647, 14.18507],
			"scale": [0.63662, 0.63662, 0.63662]
		},
		"thirdperson_lefthand": {
			"rotation": [-67.11757, 19.09115, 26.03661],
			"translation": [-0.18357, 10.86647, 14.18507],
			"scale": [0.63662, 0.63662, 0.63662]
		},
		"firstperson_righthand": {
			"rotation": [-67.11757, 19.09115, 26.03661],
			"translation": [-3.09179, 9.43323, 9.71753],
			"scale": [0.31831, 0.31831, 0.31831]
		},
		"firstperson_lefthand": {
			"rotation": [67.11757, -19.09115, -153.96339],
			"translation": [-2.90821, -3.43323, 9.71753],
			"scale": [0.31831, 0.31831, 0.31831]
		},
		"ground": {
			"rotation": [-110.58978, 21.55874, 123.89619],
			"translation": [4.46753, 16.43323, -1.90821],
			"scale": [0.31831, 0.31831, 0.31831]
		},
		"gui": {
			"rotation": [-69.51431, 20.84249, -71.53515],
			"translation": [1.38996, 6.70801, 1.90821],
			"scale": [0.31831, 0.31831, 0.31831]
		},
		"head": {
			"rotation": [-70.77144, 6.72424, -66.30209],
			"translation": [-0.55476, 0.61022, 3.81643],
			"scale": [0.63662, 0.63662, 0.63662]
		},
		"fixed": {
			"rotation": [-110.48569, -20.84249, 108.46485],
			"translation": [-3.22394, 13.33281, -0.30314],
			"scale": [0.50929, 0.50929, 0.50929]
		}
	}
}