{
	"textures": {
		"0": "item/madoka_bow"
	},
	"elements": [
		{
			"from": [6.8219, 6.8219, 7.74082],
			"to": [9.1781, 9.1781, 8.25918],
			"light_emission": 0,
			"faces": {
				"north": {
					"uv": [8, 8, 16, 16],
					"texture": "#0"
				},
				"east": {
					"uv": [6, 0, 8, 8],
					"texture": "#0"
				},
				"south": {
					"uv": [8, 0, 16, 8],
					"texture": "#0"
				},
				"west": {
					"uv": [4, 0, 6, 8],
					"texture": "#0"
				},
				"up": {
					"uv": [4, 8, 6, 16],
					"rotation": 90,
					"texture": "#0"
				},
				"down": {
					"uv": [6, 8, 8, 16],
					"rotation": 90,
					"texture": "#0"
				}
			}
		}
	],
	"display": {
		"thirdperson_righthand": {
			"rotation": [11.93012, 37.36352, -4.89471],
			"translation": [-0.44793, 11.66529, 14.17755],
			"scale": [0.63662, 0.63662, 0.63662]
		},
		"thirdperson_lefthand": {
			"rotation": [11.93012, 37.36352, -4.89471],
			"translation": [-0.44793, 11.66529, 14.17755],
			"scale": [0.63662, 0.63662, 0.63662]
		},
		"firstperson_righthand": {
			"rotation": [11.93012, 37.36352, -4.89471],
			"translation": [-3.22397, 9.83265, 9.71377],
			"scale": [0.31831, 0.31831, 0.31831]
		},
		"firstperson_lefthand": {
			"rotation": [-11.93012, -37.36352, 175.10529],
			"translation": [-2.77603, -3.83265, 9.71377],
			"scale": [0.31831, 0.31831, 0.31831]
		},
		"ground": {
			"rotation": [164.85124, 51.04444, -165.69911],
			"translation": [4.46377, 16.83265, -1.77603],
			"scale": [0.31831, 0.31831, 0.31831]
		},
		"gui": {
			"rotation": [-35.55105, -41.76277, -51.91028],
			"translation": [1.67505, 6.98777, 1.77603],
			"scale": [0.31831, 0.31831, 0.31831]
		},
		"head": {
			"rotation": [-22.10847, -49.07789, -33.15831],
			"translation": [-0.14883, 1.29826, 3.55207],
			"scale": [0.63662, 0.63662, 0.63662]
		},
		"fixed": {
			"rotation": [-144.44895, 41.76277, 128.08972],
			"translation": [-3.68007, 13.78044, -0.09166],
			"scale": [0.50929, 0.50929, 0.50929]
		}
	}
}