{
	"textures": {
		"0": "item/madoka_bow"
	},
	"elements": [
		{
			"from": [7.2146, 7.2146, 7.80365],
			"to": [8.7854, 8.7854, 8.19635],
			"light_emission": 0,
			"faces": {
				"north": {
					"uv": [8, 8, 16, 16],
					"texture": "#0"
				},
				"east": {
					"uv": [6, 0, 8, 8],
					"texture": "#0"
				},
				"south": {
					"uv": [8, 0, 16, 8],
					"texture": "#0"
				},
				"west": {
					"uv": [4, 0, 6, 8],
					"texture": "#0"
				},
				"up": {
					"uv": [4, 8, 6, 16],
					"rotation": 90,
					"texture": "#0"
				},
				"down": {
					"uv": [6, 8, 8, 16],
					"rotation": 90,
					"texture": "#0"
				}
			}
		}
	],
	"display": {
		"thirdperson_righthand": {
			"rotation": [48.86002, -12.26005, -38.4362],
			"translation": [0.1176, 11.852, 14.28658],
			"scale": [0.63662, 0.63662, 0.63662]
		},
		"thirdperson_lefthand": {
			"rotation": [48.86002, -12.26005, -38.4362],
			"translation": [0.1176, 11.852, 14.28658],
			"scale": [0.63662, 0.63662, 0.63662]
		},
		"firstperson_righthand": {
			"rotation": [48.86002, -12.26005, -38.4362],
			"translation": [-2.9412, 9.926, 9.76829],
			"scale": [0.31831, 0.31831, 0.31831]
		},
		"firstperson_lefthand": {
			"rotation": [-48.86002, 12.26005, 141.5638],
			"translation": [-3.0588, -3.926, 9.76829],
			"scale": [0.31831, 0.31831, 0.31831]
		},
		"ground": {
			"rotation": [73.90473, 40.00817, -117.927],
			"translation": [4.51829, 16.926, -2.0588],
			"scale": [0.31831, 0.31831, 0.31831]
		},
		"gui": {
			"rotation": [162.78752, -77.15553, 123.9366],
			"translation": [1.70251, 7.09233, 2.0588],
			"scale": [0.31831, 0.31831, 0.31831]
		},
		"head": {
			"rotation": [123.91041, -67.6276, 83.43039],
			"translation": [-0.14991, 1.51447, 4.1176],
			"scale": [0.63662, 0.63662, 0.63662]
		},
		"fixed": {
			"rotation": [17.21248, 77.15553, -56.0634],
			"translation": [-3.72401, 13.94774, -0.54408],
			"scale": [0.50929, 0.50929, 0.50929]
		}
	}
}