{
	"textures": {
		"0": "item/madoka_bow"
	},
	"elements": [
		{
			"from": [7.2146, 7.2146, 7.80365],
			"to": [8.7854, 8.7854, 8.19635],
			"light_emission": 0,
			"faces": {
				"north": {
					"uv": [8, 8, 16, 16],
					"texture": "#0"
				},
				"east": {
					"uv": [6, 0, 8, 8],
					"texture": "#0"
				},
				"south": {
					"uv": [8, 0, 16, 8],
					"texture": "#0"
				},
				"west": {
					"uv": [4, 0, 6, 8],
					"texture": "#0"
				},
				"up": {
					"uv": [4, 8, 6, 16],
					"rotation": 90,
					"texture": "#0"
				},
				"down": {
					"uv": [6, 8, 8, 16],
					"rotation": 90,
					"texture": "#0"
				}
			}
		}
	],
	"display": {
		"thirdperson_righthand": {
			"rotation": [-63.71839, -33.07917, 150.38933],
			"translation": [0.10466, 11.36953, 14.32711],
			"scale": [0.63662, 0.63662, 0.63662]
		},
		"thirdperson_lefthand": {
			"rotation": [-63.71839, -33.07917, 150.38933],
			"translation": [0.10466, 11.36953, 14.32711],
			"scale": [0.63662, 0.63662, 0.63662]
		},
		"firstperson_righthand": {
			"rotation": [-63.71839, -33.07917, 150.38933],
			"translation": [-2.94767, 9.68476, 9.78856],
			"scale": [0.31831, 0.31831, 0.31831]
		},
		"firstperson_lefthand": {
			"rotation": [63.71839, 33.07917, -29.61067],
			"translation": [-3.05233, -3.68476, 9.78856],
			"scale": [0.31831, 0.31831, 0.31831]
		},
		"ground": {
			"rotation": [-54.00271, 21.77828, -134.69524],
			"translation": [4.53856, 16.68476, -2.05233],
			"scale": [0.31831, 0.31831, 0.31831]
		},
		"gui": {
			"rotation": [-124.51828, 15.59893, 70.86709],
			"translation": [1.5176, 6.93608, 2.05233],
			"scale": [0.31831, 0.31831, 0.31831]
		},
		"head": {
			"rotation": [-123.13442, 3.11505, 62.42082],
			"translation": [-0.42625, 1.11691, 4.10466],
			"scale": [0.63662, 0.63662, 0.63662]
		},
		"fixed": {
			"rotation": [-55.48172, -15.59893, -109.13291],
			"translation": [-3.42816, 13.69774, -0.53373],
			"scale": [0.50929, 0.50929, 0.50929]
		}
	}
}