{
	"textures": {
		"0": "item/madoka_bow"
	},
	"elements": [
		{
			"from": [7.2146, 7.2146, 7.80365],
			"to": [8.7854, 8.7854, 8.19635],
			"light_emission": 0,
			"faces": {
				"north": {
					"uv": [8, 8, 16, 16],
					"texture": "#0"
				},
				"east": {
					"uv": [6, 0, 8, 8],
					"texture": "#0"
				},
				"south": {
					"uv": [8, 0, 16, 8],
					"texture": "#0"
				},
				"west": {
					"uv": [4, 0, 6, 8],
					"texture": "#0"
				},
				"up": {
					"uv": [4, 8, 6, 16],
					"rotation": 90,
					"texture": "#0"
				},
				"down": {
					"uv": [6, 8, 8, 16],
					"rotation": 90,
					"texture": "#0"
				}
			}
		}
	],
	"display": {
		"thirdperson_righthand": {
			"rotation": [-22.97362, 53.24522, 62.72603],
			"translation": [-0.23447, 11.41643, 14.252],
			"scale": [0.63662, 0.63662, 0.63662]
		},
		"thirdperson_lefthand": {
			"rotation": [-22.97362, 53.24522, 62.72603],
			"translation": [-0.23447, 11.41643, 14.252],
			"scale": [0.63662, 0.63662, 0.63662]
		},
		"firstperson_righthand": {
			"rotation": [-22.97362, 53.24522, 62.72603],
			"translation": [-3.11723, 9.70822, 9.751],
			"scale": [0.31831, 0.31831, 0.31831]
		},
		"firstperson_lefthand": {
			"rotation": [22.97362, -53.24522, -117.27397],
			"translation": [-2.88277, -3.70822, 9.751],
			"scale": [0.31831, 0.31831, 0.31831]
		},
		"ground": {
			"rotation": [-163.74823, 33.43083, -145.15809],
			"translation": [4.501, 16.70822, -1.88277],
			"scale": [0.31831, 0.31831, 0.31831]
		},
		"gui": {
			"rotation": [-34.69689, -12.96859, -9.31456],
			"translation": [1.56074, 6.92611, 1.88277],
			"scale": [0.31831, 0.31831, 0.31831]
		},
		"head": {
			"rotation": [-30.80619, -21.12114, 3.87182],
			"translation": [-0.33774, 1.11997, 3.76553],
			"scale": [0.63662, 0.63662, 0.63662]
		},
		"fixed": {
			"rotation": [-145.30311, 12.96859, 170.68544],
			"translation": [-3.49718, 13.68178, -0.26243],
			"scale": [0.50929, 0.50929, 0.50929]
		}
	}
}