{
	"textures": {
		"0": "item/madoka_bow"
	},
	"elements": [
		{
			"from": [7.70548, 4.073, 7.70548],
			"to": [8.29452, 11.927, 8.29452],
			"light_emission": 0,
			"faces": {
				"north": {
					"uv": [0, 5, 1, 15],
					"texture": "#0"
				},
				"east": {
					"uv": [0, 5, 1, 15],
					"texture": "#0"
				},
				"south": {
					"uv": [0, 5, 1, 15],
					"texture": "#0"
				},
				"west": {
					"uv": [0, 5, 1, 15],
					"texture": "#0"
				},
				"up": {
					"uv": [0, 5, 1, 6],
					"texture": "#0"
				},
				"down": {
					"uv": [0, 5, 1, 6],
					"texture": "#0"
				}
			}
		}
	],
	"display": {
		"thirdperson_righthand": {
			"rotation": [90, -45, 0],
			"translation": [0, -1.88661, 6.45],
			"scale": [0.63662, 0.63662, 0.63662]
		},
		"thirdperson_lefthand": {
			"rotation": [90, -45, 0],
			"translation": [0, -1.88661, 6.45],
			"scale": [0.63662, 0.63662, 0.63662]
		},
		"firstperson_righthand": {
			"rotation": [90, -45, 0],
			"translation": [-3, 3.05669, 5.85],
			"scale": [0.31831, 0.31831, 0.31831]
		},
		"firstperson_lefthand": {
			"rotation": [-90, 45, 180],
			"translation": [-3, 2.94331, 5.85],
			"scale": [0.31831, 0.31831, 0.31831]
		},
		"ground": {
			"rotation": [45, 0, -90],
			"translation": [0.6, 10.05669, -2],
			"scale": [0.31831, 0.31831, 0.31831]
		},
		"gui": {
			"rotation": [144.73561, -30, 125.26439],
			"translation": [-0.38418, -0.53565, 2],
			"scale": [0.31831, 0.31831, 0.31831]
		},
		"head": {
			"rotation": [139.10661, -20.70481, 112.20765],
			"translation": [-0.23254, -14.3018, 4],
			"scale": [0.63662, 0.63662, 0.63662]
		},
		"fixed": {
			"rotation": [35.26439, 30, -54.73561],
			"translation": [-0.38532, 1.74296, -0.45],
			"scale": [0.50929, 0.50929, 0.50929]
		}
	}
}