{
	"textures": {
		"0": "unknown"
	},
	"elements": [
		{
			"from": [1.7168, 7.2146, 7.2146],
			"to": [14.2832, 8.7854, 8.7854],
			"light_emission": 0,
			"faces": {
				"north": {
					"uv": [1, 5, 3, 16],
					"rotation": 90,
					"texture": "#0"
				},
				"east": {
					"uv": [0, 15, 1, 16],
					"texture": "#0"
				},
				"south": {
					"uv": [1, 5, 3, 16],
					"rotation": 90,
					"texture": "#0"
				},
				"west": {
					"uv": [0, 15, 1, 16],
					"texture": "#0"
				},
				"up": {
					"uv": [1, 5, 3, 16],
					"rotation": 90,
					"texture": "#0"
				},
				"down": {
					"uv": [1, 5, 3, 16],
					"rotation": 90,
					"texture": "#0"
				}
			}
		}
	],
	"display": {
		"thirdperson_righthand": {
			"rotation": [-25, -55, -180],
			"translation": [2.17958, 9.16843, 9.49697],
			"scale": [0.63662, 0.63662, 0.63662]
		},
		"thirdperson_lefthand": {
			"rotation": [-25, -55, -180],
			"translation": [2.17958, 9.16843, 9.49697],
			"scale": [0.63662, 0.63662, 0.63662]
		},
		"firstperson_righthand": {
			"rotation": [-25, -55, -180],
			"translation": [-1.91021, 8.58421, 7.37348],
			"scale": [0.31831, 0.31831, 0.31831]
		},
		"firstperson_lefthand": {
			"rotation": [25, 55, 0],
			"translation": [-4.08979, -2.58421, 7.37348],
			"scale": [0.31831, 0.31831, 0.31831]
		},
		"ground": {
			"rotation": [-16.48457, 31.3213, -150.34902],
			"translation": [2.12348, 15.58421, -3.08979],
			"scale": [0.31831, 0.31831, 0.31831]
		},
		"gui": {
			"rotation": [-146.65589, -11.31335, 73.39821],
			"translation": [2.44711, 4.45017, 3.08979],
			"scale": [0.31831, 0.31831, 0.31831]
		},
		"head": {
			"rotation": [-150.16243, -19.20748, 60.16243],
			"translation": [2.65623, -3.20437, 6.17958],
			"scale": [0.63662, 0.63662, 0.63662]
		},
		"fixed": {
			"rotation": [-33.34411, 11.31335, -106.60179],
			"translation": [-4.91537, 9.72026, -2.19366],
			"scale": [0.50929, 0.50929, 0.50929]
		}
	}
}