{
	"textures": {
		"0": "item/madoka_bow"
	},
	"elements": [
		{
			"from": [6.4292, 6.4292, 7.6073],
			"to": [9.5708, 9.5708, 8.3927],
			"light_emission": 0,
			"faces": {
				"north": {
					"uv": [8, 8, 16, 16],
					"texture": "#0"
				},
				"east": {
					"uv": [6, 0, 8, 8],
					"texture": "#0"
				},
				"south": {
					"uv": [8, 0, 16, 8],
					"texture": "#0"
				},
				"west": {
					"uv": [4, 0, 6, 8],
					"texture": "#0"
				},
				"up": {
					"uv": [4, 8, 6, 16],
					"rotation": 90,
					"texture": "#0"
				},
				"down": {
					"uv": [6, 8, 8, 16],
					"rotation": 90,
					"texture": "#0"
				}
			}
		}
	],
	"display": {
		"thirdperson_righthand": {
			"rotation": [-60, -45, 175],
			"translation": [0.58656, 10.91942, 14.31507],
			"scale": [0.63662, 0.63662, 0.63662]
		},
		"thirdperson_lefthand": {
			"rotation": [-60, -45, 175],
			"translation": [0.58656, 10.91942, 14.31507],
			"scale": [0.63662, 0.63662, 0.63662]
		},
		"firstperson_righthand": {
			"rotation": [-60, -45, 175],
			"translation": [-2.70672, 9.45971, 9.78253],
			"scale": [0.31831, 0.31831, 0.31831]
		},
		"firstperson_lefthand": {
			"rotation": [60, 45, -5],
			"translation": [-3.29328, -3.45971, 9.78253],
			"scale": [0.31831, 0.31831, 0.31831]
		},
		"ground": {
			"rotation": [-40.89339, 20.70481, -117.20766],
			"translation": [4.53253, 16.45971, -2.29328],
			"scale": [0.31831, 0.31831, 0.31831]
		},
		"gui": {
			"rotation": [-135.99298, 10.54529, 95.72858],
			"translation": [1.36272, 6.77269, 2.29328],
			"scale": [0.31831, 0.31831, 0.31831]
		},
		"head": {
			"rotation": [-135, 0, 85],
			"translation": [-0.64087, 0.72108, 4.58656],
			"scale": [0.63662, 0.63662, 0.63662]
		},
		"fixed": {
			"rotation": [-44.00702, -10.54529, -84.27142],
			"translation": [-3.18035, 13.4363, -0.91925],
			"scale": [0.50929, 0.50929, 0.50929]
		}
	}
}