{
	"textures": {
		"0": "item/madoka_bow"
	},
	"elements": [
		{
			"from": [6.81906, 6.81906, 7.26191],
			"to": [9.18094, 9.18094, 8.73809],
			"light_emission": 0,
			"faces": {
				"north": {
					"uv": [0, 1, 4, 5],
					"rotation": 270,
					"texture": "#0"
				},
				"east": {
					"uv": [1, 12, 3, 16],
					"texture": "#0"
				},
				"south": {
					"uv": [0, 1, 4, 5],
					"rotation": 270,
					"texture": "#0"
				},
				"west": {
					"uv": [1, 12, 3, 16],
					"texture": "#0"
				},
				"up": {
					"uv": [1, 12, 3, 16],
					"rotation": 90,
					"texture": "#0"
				},
				"down": {
					"uv": [1, 12, 3, 16],
					"rotation": 90,
					"texture": "#0"
				}
			}
		}
	],
	"display": {
		"thirdperson_righthand": {
			"rotation": [45, -90, 0],
			"translation": [0, 2, 1.25],
			"scale": [0.84678, 0.84678, 0.84678]
		},
		"thirdperson_lefthand": {
			"rotation": [45, -90, 0],
			"translation": [0, 2, 1.25],
			"scale": [0.84678, 0.84678, 0.84678]
		},
		"firstperson_righthand": {
			"rotation": [45, -90, 0],
			"translation": [-3, 5, 3.25],
			"scale": [0.42339, 0.42339, 0.42339]
		},
		"firstperson_lefthand": {
			"rotation": [135, 90, 0],
			"translation": [-3, 1, 3.25],
			"scale": [0.42339, 0.42339, 0.42339]
		},
		"ground": {
			"rotation": [0, 0, -45],
			"translation": [-2, 12, -2],
			"scale": [0.42339, 0.42339, 0.42339]
		},
		"gui": {
			"rotation": [180, 0, -180],
			"translation": [2.82843, -1, 2],
			"scale": [0.42339, 0.42339, 0.42339]
		},
		"head": {
			"rotation": [-180, 0, 165],
			"translation": [6.2141, -13.5359, 4],
			"scale": [0.84678, 0.84678, 0.84678]
		},
		"fixed": {
			"rotation": [0, 0, 0],
			"translation": [-5.52548, 1, -0.45],
			"scale": [0.67743, 0.67743, 0.67743]
		}
	}
}