{
	"textures": {
		"0": "item/madoka_bow"
	},
	"elements": [
		{
			"from": [6.81906, 6.81906, 7.70476],
			"to": [9.18094, 9.18094, 8.29524],
			"light_emission": 0,
			"faces": {
				"north": {
					"uv": [8, 8, 16, 16],
					"texture": "#0"
				},
				"east": {
					"uv": [6, 0, 8, 8],
					"texture": "#0"
				},
				"south": {
					"uv": [8, 0, 16, 8],
					"texture": "#0"
				},
				"west": {
					"uv": [4, 0, 6, 8],
					"texture": "#0"
				},
				"up": {
					"uv": [4, 8, 6, 16],
					"rotation": 90,
					"texture": "#0"
				},
				"down": {
					"uv": [6, 8, 8, 16],
					"rotation": 90,
					"texture": "#0"
				}
			}
		}
	],
	"display": {
		"thirdperson_righthand": {
			"rotation": [-72.06968, 49.27781, 74.26772],
			"translation": [-0.68663, 16.30635, 7.96081],
			"scale": [0.84678, 0.84678, 0.84678]
		},
		"thirdperson_lefthand": {
			"rotation": [-72.06968, 49.27781, 74.26772],
			"translation": [-0.68663, 16.30635, 7.96081],
			"scale": [0.84678, 0.84678, 0.84678]
		},
		"firstperson_righthand": {
			"rotation": [-72.06968, 49.27781, 74.26772],
			"translation": [-3.34331, 12.15317, 6.6054],
			"scale": [0.42339, 0.42339, 0.42339]
		},
		"firstperson_lefthand": {
			"rotation": [72.06968, -49.27781, -105.73228],
			"translation": [-2.65669, -6.15317, 6.6054],
			"scale": [0.42339, 0.42339, 0.42339]
		},
		"ground": {
			"rotation": [-140.68247, 11.58641, 178.04657],
			"translation": [1.3554, 19.15317, -1.65669],
			"scale": [0.42339, 0.42339, 0.42339]
		},
		"gui": {
			"rotation": [-37.47057, 17.27069, -36.90474],
			"translation": [5.51386, 6.43069, 1.65669],
			"scale": [0.42339, 0.42339, 0.42339]
		},
		"head": {
			"rotation": [-40.09002, 7.8405, -24.93739],
			"translation": [7.55554, 2.20916, 3.31337],
			"scale": [0.84678, 0.84678, 0.84678]
		},
		"fixed": {
			"rotation": [-142.52943, -17.27069, 143.09526],
			"translation": [-9.82217, 12.8891, 0.0993],
			"scale": [0.67743, 0.67743, 0.67743]
		}
	}
}