{
	"textures": {
		"0": "item/madoka_bow"
	},
	"elements": [
		{
			"from": [7.11429, 7.11429, 7.80514],
			"to": [8.88571, 8.88571, 8.19486],
			"light_emission": 0,
			"faces": {
				"north": {
					"uv": [8, 8, 16, 16],
					"texture": "#0"
				},
				"east": {
					"uv": [6, 0, 8, 8],
					"texture": "#0"
				},
				"south": {
					"uv": [8, 0, 16, 8],
					"texture": "#0"
				},
				"west": {
					"uv": [4, 0, 6, 8],
					"texture": "#0"
				},
				"up": {
					"uv": [4, 8, 6, 16],
					"rotation": 90,
					"texture": "#0"
				},
				"down": {
					"uv": [6, 8, 8, 16],
					"rotation": 90,
					"texture": "#0"
				}
			}
		}
	],
	"display": {
		"thirdperson_righthand": {
			"rotation": [-67.84086, -66.67523, -144.56293],
			"translation": [0.45327, 16.65983, 7.8166],
			"scale": [0.84678, 0.84678, 0.84678]
		},
		"thirdperson_lefthand": {
			"rotation": [-67.84086, -66.67523, -144.56293],
			"translation": [0.45327, 16.65983, 7.8166],
			"scale": [0.84678, 0.84678, 0.84678]
		},
		"firstperson_righthand": {
			"rotation": [-67.84086, -66.67523, -144.56293],
			"translation": [-2.77337, 12.32991, 6.5333],
			"scale": [0.42339, 0.42339, 0.42339]
		},
		"firstperson_lefthand": {
			"rotation": [67.84086, 66.67523, 35.43707],
			"translation": [-3.22663, -6.32991, 6.5333],
			"scale": [0.42339, 0.42339, 0.42339]
		},
		"ground": {
			"rotation": [-21.76848, 8.58878, -75.0676],
			"translation": [1.2833, 19.32991, -2.22663],
			"scale": [0.42339, 0.42339, 0.42339]
		},
		"gui": {
			"rotation": [-158.3286, 8.84107, 146.58245],
			"translation": [5.68982, 6.50468, 2.22663],
			"scale": [0.42339, 0.42339, 0.42339]
		},
		"head": {
			"rotation": [-156.87028, 3.09635, 132.64417],
			"translation": [7.85718, 2.44319, 4.45327],
			"scale": [0.84678, 0.84678, 0.84678]
		},
		"fixed": {
			"rotation": [-21.6714, -8.84107, -33.41755],
			"translation": [-10.10371, 13.00748, -0.81261],
			"scale": [0.67743, 0.67743, 0.67743]
		}
	}
}