{
	"textures": {
		"0": "item/madoka_bow"
	},
	"elements": [
		{
			"from": [7.11429, 7.11429, 7.80514],
			"to": [8.88571, 8.88571, 8.19486],
			"light_emission": 0,
			"faces": {
				"north": {
					"uv": [8, 8, 16, 16],
					"rotation": 90,
					"texture": "#0"
				},
				"east": {
					"uv": [6, 8, 8, 0],
					"texture": "#0"
				},
				"south": {
					"uv": [8, 0, 16, 8],
					"rotation": 270,
					"texture": "#0"
				},
				"west": {
					"uv": [6, 8, 4, 0],
					"texture": "#0"
				},
				"up": {
					"uv": [8, 8, 6, 16],
					"rotation": 90,
					"texture": "#0"
				},
				"down": {
					"uv": [6, 8, 4, 16],
					"rotation": 90,
					"texture": "#0"
				}
			}
		}
	],
	"display": {
		"thirdperson_righthand": {
			"rotation": [-97.11757, 19.09115, 26.03661],
			"translation": [-0.18357, 16.14612, 8.01886],
			"scale": [0.84678, 0.84678, 0.84678]
		},
		"thirdperson_lefthand": {
			"rotation": [-97.11757, 19.09115, 26.03661],
			"translation": [-0.18357, 16.14612, 8.01886],
			"scale": [0.84678, 0.84678, 0.84678]
		},
		"firstperson_righthand": {
			"rotation": [-97.11757, 19.09115, 26.03661],
			"translation": [-3.09179, 12.07306, 6.63443],
			"scale": [0.42339, 0.42339, 0.42339]
		},
		"firstperson_lefthand": {
			"rotation": [97.11757, -19.09115, -153.96339],
			"translation": [-2.90821, -6.07306, 6.63443],
			"scale": [0.42339, 0.42339, 0.42339]
		},
		"ground": {
			"rotation": [-109.22856, -6.72424, 113.69791],
			"translation": [1.38443, 19.07306, -1.90821],
			"scale": [0.42339, 0.42339, 0.42339]
		},
		"gui": {
			"rotation": [-60.59203, 48.23319, -86.76568],
			"translation": [5.43668, 6.39456, 1.90821],
			"scale": [0.42339, 0.42339, 0.42339]
		},
		"head": {
			"rotation": [-66.53692, 34.76852, -77.86583],
			"translation": [7.42515, 2.09943, 3.81643],
			"scale": [0.84678, 0.84678, 0.84678]
		},
		"fixed": {
			"rotation": [-119.40797, -48.23319, 93.23432],
			"translation": [-9.69869, 12.8313, -0.30314],
			"scale": [0.67743, 0.67743, 0.67743]
		}
	}
}