{
	"textures": {
		"0": "item/madoka_bow"
	},
	"elements": [
		{
			"from": [7.11429, 7.11429, 7.80514],
			"to": [8.88571, 8.88571, 8.19486],
			"light_emission": 0,
			"faces": {
				"north": {
					"uv": [8, 8, 16, 16],
					"texture": "#0"
				},
				"east": {
					"uv": [6, 0, 8, 8],
					"texture": "#0"
				},
				"south": {
					"uv": [8, 0, 16, 8],
					"texture": "#0"
				},
				"west": {
					"uv": [4, 0, 6, 8],
					"texture": "#0"
				},
				"up": {
					"uv": [4, 8, 6, 16],
					"rotation": 90,
					"texture": "#0"
				},
				"down": {
					"uv": [6, 8, 8, 16],
					"rotation": 90,
					"texture": "#0"
				}
			}
		}
	],
	"display": {
		"thirdperson_righthand": {
			"rotation": [-18.06988, 37.36352, -4.89471],
			"translation": [-0.44793, 16.83416, 7.61294],
			"scale": [0.84678, 0.84678, 0.84678]
		},
		"thirdperson_lefthand": {
			"rotation": [-18.06988, 37.36352, -4.89471],
			"translation": [-0.44793, 16.83416, 7.61294],
			"scale": [0.84678, 0.84678, 0.84678]
		},
		"firstperson_righthand": {
			"rotation": [-18.06988, 37.36352, -4.89471],
			"translation": [-3.22397, 12.41708, 6.43147],
			"scale": [0.42339, 0.42339, 0.42339]
		},
		"firstperson_lefthand": {
			"rotation": [18.06988, -37.36352, 175.10529],
			"translation": [-2.77603, -6.41708, 6.43147],
			"scale": [0.42339, 0.42339, 0.42339]
		},
		"ground": {
			"rotation": [-157.89153, 49.07789, 146.84169],
			"translation": [1.18147, 19.41708, -1.77603],
			"scale": [0.42339, 0.42339, 0.42339]
		},
		"gui": {
			"rotation": [-49.4226, -21.09825, -77.76102],
			"translation": [5.82346, 6.49431, 1.77603],
			"scale": [0.42339, 0.42339, 0.42339]
		},
		"head": {
			"rotation": [-44.25553, -32.08015, -66.30038],
			"translation": [8.12072, 2.49233, 3.55207],
			"scale": [0.84678, 0.84678, 0.84678]
		},
		"fixed": {
			"rotation": [-130.5774, 21.09825, 102.23898],
			"translation": [-10.31753, 12.99089, -0.09166],
			"scale": [0.67743, 0.67743, 0.67743]
		}
	}
}