{
	"textures": {
		"0": "item/madoka_bow"
	},
	"elements": [
		{
			"from": [7.40953, 7.40953, 7.85238],
			"to": [8.59047, 8.59047, 8.14762],
			"light_emission": 0,
			"faces": {
				"north": {
					"uv": [8, 8, 16, 16],
					"texture": "#0"
				},
				"east": {
					"uv": [6, 0, 8, 8],
					"texture": "#0"
				},
				"south": {
					"uv": [8, 0, 16, 8],
					"texture": "#0"
				},
				"west": {
					"uv": [4, 0, 6, 8],
					"texture": "#0"
				},
				"up": {
					"uv": [4, 8, 6, 16],
					"rotation": 90,
					"texture": "#0"
				},
				"down": {
					"uv": [6, 8, 8, 16],
					"rotation": 90,
					"texture": "#0"
				}
			}
		}
	],
	"display": {
		"thirdperson_righthand": {
			"rotation": [18.86002, -12.26005, -38.4362],
			"translation": [0.1176, 17.05037, 7.61401],
			"scale": [0.84678, 0.84678, 0.84678]
		},
		"thirdperson_lefthand": {
			"rotation": [18.86002, -12.26005, -38.4362],
			"translation": [0.1176, 17.05037, 7.61401],
			"scale": [0.84678, 0.84678, 0.84678]
		},
		"firstperson_righthand": {
			"rotation": [18.86002, -12.26005, -38.4362],
			"translation": [-2.9412, 12.52519, 6.432],
			"scale": [0.42339, 0.42339, 0.42339]
		},
		"firstperson_lefthand": {
			"rotation": [-18.86002, 12.26005, 141.5638],
			"translation": [-3.0588, -6.52519, 6.432],
			"scale": [0.42339, 0.42339, 0.42339]
		},
		"ground": {
			"rotation": [56.08959, 67.6276, -96.56961],
			"translation": [1.182, 19.52519, -2.0588],
			"scale": [0.42339, 0.42339, 0.42339]
		},
		"gui": {
			"rotation": [-116.2544, -61.31201, -151.83404],
			"translation": [5.89952, 6.57113, 2.0588],
			"scale": [0.42339, 0.42339, 0.42339]
		},
		"head": {
			"rotation": [-138.35959, -73.49232, -175.59562],
			"translation": [8.22789, 2.68011, 4.1176],
			"scale": [0.84678, 0.84678, 0.84678]
		},
		"fixed": {
			"rotation": [-63.7456, 61.31201, 28.16596],
			"translation": [-10.43923, 13.1138, -0.54408],
			"scale": [0.67743, 0.67743, 0.67743]
		}
	}
}