{
	"textures": {
		"0": "item/madoka_bow"
	},
	"elements": [
		{
			"from": [7.40953, 7.40953, 7.85238],
			"to": [8.59047, 8.59047, 8.14762],
			"light_emission": 0,
			"faces": {
				"north": {
					"uv": [8, 8, 16, 16],
					"texture": "#0"
				},
				"east": {
					"uv": [6, 0, 8, 8],
					"texture": "#0"
				},
				"south": {
					"uv": [8, 0, 16, 8],
					"texture": "#0"
				},
				"west": {
					"uv": [4, 0, 6, 8],
					"texture": "#0"
				},
				"up": {
					"uv": [4, 8, 6, 16],
					"rotation": 90,
					"texture": "#0"
				},
				"down": {
					"uv": [6, 8, 8, 16],
					"rotation": 90,
					"texture": "#0"
				}
			}
		}
	],
	"display": {
		"thirdperson_righthand": {
			"rotation": [-93.71839, -33.07917, 150.38933],
			"translation": [0.10466, 16.6528, 7.89035],
			"scale": [0.84678, 0.84678, 0.84678]
		},
		"thirdperson_lefthand": {
			"rotation": [-93.71839, -33.07917, 150.38933],
			"translation": [0.10466, 16.6528, 7.89035],
			"scale": [0.84678, 0.84678, 0.84678]
		},
		"firstperson_righthand": {
			"rotation": [-93.71839, -33.07917, 150.38933],
			"translation": [-2.94767, 12.3264, 6.57017],
			"scale": [0.42339, 0.42339, 0.42339]
		},
		"firstperson_lefthand": {
			"rotation": [93.71839, 33.07917, -29.61067],
			"translation": [-3.05233, -6.3264, 6.57017],
			"scale": [0.42339, 0.42339, 0.42339]
		},
		"ground": {
			"rotation": [-56.86558, -3.11505, -117.57918],
			"translation": [1.32017, 19.3264, -2.05233],
			"scale": [0.42339, 0.42339, 0.42339]
		},
		"gui": {
			"rotation": [-134.63352, 39.02612, 92.25733],
			"translation": [5.66126, 6.52827, 2.05233],
			"scale": [0.42339, 0.42339, 0.42339]
		},
		"head": {
			"rotation": [-128.06493, 27.71912, 80.40373],
			"translation": [7.78979, 2.47398, 4.10466],
			"scale": [0.84678, 0.84678, 0.84678]
		},
		"fixed": {
			"rotation": [-45.36648, -39.02612, -87.74267],
			"translation": [-10.05801, 13.04522, -0.53373],
			"scale": [0.67743, 0.67743, 0.67743]
		}
	}
}