{
	"textures": {
		"0": "item/madoka_bow"
	},
	"elements": [
		{
			"from": [3.27624, 7.40953, 7.40953],
			"to": [12.72376, 8.59047, 8.59047],
			"light_emission": 0,
			"faces": {
				"north": {
					"uv": [1, 5, 3, 16],
					"rotation": 90,
					"texture": "#0"
				},
				"east": {
					"uv": [0, 15, 1, 16],
					"texture": "#0"
				},
				"south": {
					"uv": [1, 5, 3, 16],
					"rotation": 90,
					"texture": "#0"
				},
				"west": {
					"uv": [0, 15, 1, 16],
					"texture": "#0"
				},
				"up": {
					"uv": [1, 5, 3, 16],
					"rotation": 90,
					"texture": "#0"
				},
				"down": {
					"uv": [1, 5, 3, 16],
					"rotation": 90,
					"texture": "#0"
				}
			}
		}
	],
	"display": {
		"thirdperson_righthand": {
			"rotation": [125, -55, 0],
			"translation": [-2.17958, 12.33152, 4.80787],
			"scale": [0.84678, 0.84678, 0.84678]
		},
		"thirdperson_lefthand": {
			"rotation": [125, -55, 0],
			"translation": [-2.17958, 12.33152, 4.80787],
			"scale": [0.84678, 0.84678, 0.84678]
		},
		"firstperson_righthand": {
			"rotation": [125, -55, 0],
			"translation": [-4.08979, 10.16576, 5.02893],
			"scale": [0.42339, 0.42339, 0.42339]
		},
		"firstperson_lefthand": {
			"rotation": [-125, 55, 180],
			"translation": [-1.91021, -4.16576, 5.02893],
			"scale": [0.42339, 0.42339, 0.42339]
		},
		"ground": {
			"rotation": [29.83757, -19.20748, -119.83757],
			"translation": [-0.22107, 17.16576, -0.91021],
			"scale": [0.42339, 0.42339, 0.42339]
		},
		"gui": {
			"rotation": [145.41103, -5.71617, 98.21888],
			"translation": [5.22328, 3.91064, 0.91021],
			"scale": [0.42339, 0.42339, 0.42339]
		},
		"head": {
			"rotation": [145.10257, 2.86544, 85.90082],
			"translation": [8.29866, -2.8096, 1.82042],
			"scale": [0.84678, 0.84678, 0.84678]
		},
		"fixed": {
			"rotation": [34.58897, 5.71617, -81.78112],
			"translation": [-9.35724, 8.85703, 1.29366],
			"scale": [0.67743, 0.67743, 0.67743]
		}
	}
}