{
	"textures": {
		"0": "item/madoka_bow"
	},
	"elements": [
		{
			"from": [6.81906, 6.81906, 7.70476],
			"to": [9.18094, 9.18094, 8.29524],
			"light_emission": 0,
			"faces": {
				"north": {
					"uv": [8, 8, 16, 16],
					"texture": "#0"
				},
				"east": {
					"uv": [6, 0, 8, 8],
					"texture": "#0"
				},
				"south": {
					"uv": [8, 0, 16, 8],
					"texture": "#0"
				},
				"west": {
					"uv": [4, 0, 6, 8],
					"texture": "#0"
				},
				"up": {
					"uv": [4, 8, 6, 16],
					"rotation": 90,
					"texture": "#0"
				},
				"down": {
					"uv": [6, 8, 8, 16],
					"rotation": 90,
					"texture": "#0"
				}
			}
		}
	],
	"display": {
		"thirdperson_righthand": {
			"rotation": [-90, -45, 175],
			"translation": [0.58656, 16.25698, 8.10497],
			"scale": [0.84678, 0.84678, 0.84678]
		},
		"thirdperson_lefthand": {
			"rotation": [-90, -45, 175],
			"translation": [0.58656, 16.25698, 8.10497],
			"scale": [0.84678, 0.84678, 0.84678]
		},
		"firstperson_righthand": {
			"rotation": [-90, -45, 175],
			"translation": [-2.70672, 12.12849, 6.67749],
			"scale": [0.42339, 0.42339, 0.42339]
		},
		"firstperson_lefthand": {
			"rotation": [90, 45, -5],
			"translation": [-3.29328, -6.12849, 6.67749],
			"scale": [0.42339, 0.42339, 0.42339]
		},
		"ground": {
			"rotation": [-45, 0, -95],
			"translation": [1.42749, 19.12849, -2.29328],
			"scale": [0.42339, 0.42339, 0.42339]
		},
		"gui": {
			"rotation": [-144.73561, 30, 120.26439],
			"translation": [5.44543, 6.4642, 2.29328],
			"scale": [0.42339, 0.42339, 0.42339]
		},
		"head": {
			"rotation": [-139.10661, 20.70481, 107.20765],
			"translation": [7.40601, 2.23849, 4.58656],
			"scale": [0.84678, 0.84678, 0.84678]
		},
		"fixed": {
			"rotation": [-35.26439, -30, -59.73561],
			"translation": [-9.71269, 12.94272, -0.91925],
			"scale": [0.67743, 0.67743, 0.67743]
		}
	}
}