{
	"textures": {
		"0": "unknown"
	},
	"elements": [
		{
			"from": [6.80347, 6.80347, 7.25217],
			"to": [9.19653, 9.19653, 8.74783],
			"light_emission": 0,
			"faces": {
				"north": {
					"uv": [0, 1, 4, 5],
					"rotation": 270,
					"texture": "#0"
				},
				"east": {
					"uv": [1, 12, 3, 16],
					"texture": "#0"
				},
				"south": {
					"uv": [0, 1, 4, 5],
					"rotation": 270,
					"texture": "#0"
				},
				"west": {
					"uv": [1, 12, 3, 16],
					"texture": "#0"
				},
				"up": {
					"uv": [1, 12, 3, 16],
					"rotation": 90,
					"texture": "#0"
				},
				"down": {
					"uv": [1, 12, 3, 16],
					"rotation": 90,
					"texture": "#0"
				}
			}
		}
	],
	"display": {
		"thirdperson_righthand": {
			"rotation": [47.5, -90, 0],
			"translation": [0, 2, 1.25],
			"scale": [0.83575, 0.83575, 0.83575]
		},
		"thirdperson_lefthand": {
			"rotation": [47.5, -90, 0],
			"translation": [0, 2, 1.25],
			"scale": [0.83575, 0.83575, 0.83575]
		},
		"firstperson_righthand": {
			"rotation": [47.5, -90, 0],
			"translation": [-3, 5, 3.25],
			"scale": [0.41788, 0.41788, 0.41788]
		},
		"firstperson_lefthand": {
			"rotation": [132.5, 90, 0],
			"translation": [-3, 1, 3.25],
			"scale": [0.41788, 0.41788, 0.41788]
		},
		"ground": {
			"rotation": [0, 0, -47.5],
			"translation": [-2, 12, -2],
			"scale": [0.41788, 0.41788, 0.41788]
		},
		"gui": {
			"rotation": [180, 0, 177.5],
			"translation": [2.82843, -1, 2],
			"scale": [0.41788, 0.41788, 0.41788]
		},
		"head": {
			"rotation": [-180, 0, 162.5],
			"translation": [6.2141, -13.5359, 4],
			"scale": [0.83575, 0.83575, 0.83575]
		},
		"fixed": {
			"rotation": [0, 0, -2.5],
			"translation": [-5.52548, 1, -0.45],
			"scale": [0.6686, 0.6686, 0.6686]
		}
	}
}