{
	"textures": {
		"0": "item/madoka_bow"
	},
	"elements": [
		{
			"from": [6.80347, 6.80347, 7.70087],
			"to": [9.19653, 9.19653, 8.29913],
			"light_emission": 0,
			"faces": {
				"north": {
					"uv": [8, 8, 16, 16],
					"texture": "#0"
				},
				"east": {
					"uv": [6, 0, 8, 8],
					"texture": "#0"
				},
				"south": {
					"uv": [8, 0, 16, 8],
					"texture": "#0"
				},
				"west": {
					"uv": [4, 0, 6, 8],
					"texture": "#0"
				},
				"up": {
					"uv": [4, 8, 6, 16],
					"rotation": 90,
					"texture": "#0"
				},
				"down": {
					"uv": [6, 8, 8, 16],
					"rotation": 90,
					"texture": "#0"
				}
			}
		}
	],
	"display": {
		"thirdperson_righthand": {
			"rotation": [-69.56968, 49.27781, 74.26772],
			"translation": [-0.68663, 16.00001, 8.57846],
			"scale": [0.83575, 0.83575, 0.83575]
		},
		"thirdperson_lefthand": {
			"rotation": [-69.56968, 49.27781, 74.26772],
			"translation": [-0.68663, 16.00001, 8.57846],
			"scale": [0.83575, 0.83575, 0.83575]
		},
		"firstperson_righthand": {
			"rotation": [-69.56968, 49.27781, 74.26772],
			"translation": [-3.34331, 12, 6.91423],
			"scale": [0.41788, 0.41788, 0.41788]
		},
		"firstperson_lefthand": {
			"rotation": [69.56968, -49.27781, -105.73228],
			"translation": [-2.65669, -6, 6.91423],
			"scale": [0.41788, 0.41788, 0.41788]
		},
		"ground": {
			"rotation": [-141.10818, 13.16342, -179.96735],
			"translation": [1.66423, 19, -1.65669],
			"scale": [0.41788, 0.41788, 0.41788]
		},
		"gui": {
			"rotation": [-38.05628, 15.73951, -34.84349],
			"translation": [5.18718, 6.54075, 1.65669],
			"scale": [0.41788, 0.41788, 0.41788]
		},
		"head": {
			"rotation": [-40.32562, 6.22644, -23.01371],
			"translation": [6.86748, 2.25269, 3.31337],
			"scale": [0.83575, 0.83575, 0.83575]
		},
		"fixed": {
			"rotation": [-141.94372, -15.73951, 145.15651],
			"translation": [-9.29948, 13.0652, 0.0993],
			"scale": [0.6686, 0.6686, 0.6686]
		}
	}
}