{
	"textures": {
		"0": "item/madoka_bow"
	},
	"elements": [
		{
			"from": [6.80347, 6.80347, 7.70087],
			"to": [9.19653, 9.19653, 8.29913],
			"light_emission": 0,
			"faces": {
				"north": {
					"uv": [8, 8, 16, 16],
					"texture": "#0"
				},
				"east": {
					"uv": [6, 0, 8, 8],
					"texture": "#0"
				},
				"south": {
					"uv": [8, 0, 16, 8],
					"texture": "#0"
				},
				"west": {
					"uv": [4, 0, 6, 8],
					"texture": "#0"
				},
				"up": {
					"uv": [4, 8, 6, 16],
					"rotation": 90,
					"texture": "#0"
				},
				"down": {
					"uv": [6, 8, 8, 16],
					"rotation": 90,
					"texture": "#0"
				}
			}
		}
	],
	"display": {
		"thirdperson_righthand": {
			"rotation": [3.85553, -6.68398, -38.40345],
			"translation": [-0.03703, 16.63837, 7.8429],
			"scale": [0.83575, 0.83575, 0.83575]
		},
		"thirdperson_lefthand": {
			"rotation": [3.85553, -6.68398, -38.40345],
			"translation": [-0.03703, 16.63837, 7.8429],
			"scale": [0.83575, 0.83575, 0.83575]
		},
		"firstperson_righthand": {
			"rotation": [3.85553, -6.68398, -38.40345],
			"translation": [-3.01852, 12.31918, 6.54645],
			"scale": [0.41788, 0.41788, 0.41788]
		},
		"firstperson_lefthand": {
			"rotation": [-3.85553, 6.68398, 141.59655],
			"translation": [-2.98148, -6.31918, 6.54645],
			"scale": [0.41788, 0.41788, 0.41788]
		},
		"ground": {
			"rotation": [29.84634, 82.28811, -68.47502],
			"translation": [1.29645, 19.31918, -1.98148],
			"scale": [0.41788, 0.41788, 0.41788]
		},
		"gui": {
			"rotation": [-100.09907, -48.41179, -135.99143],
			"translation": [5.67293, 6.50639, 1.98148],
			"scale": [0.41788, 0.41788, 0.41788]
		},
		"head": {
			"rotation": [-104.89336, -63.07304, -141.74315],
			"translation": [7.82366, 2.43775, 3.96297],
			"scale": [0.83575, 0.83575, 0.83575]
		},
		"fixed": {
			"rotation": [-79.90093, 48.41179, 44.00857],
			"translation": [-10.07668, 13.01022, -0.42038],
			"scale": [0.6686, 0.6686, 0.6686]
		}
	}
}