{
	"textures": {
		"0": "item/madoka_bow"
	},
	"elements": [
		{
			"from": [7.1026, 7.1026, 7.80257],
			"to": [8.8974, 8.8974, 8.19743],
			"light_emission": 0,
			"faces": {
				"north": {
					"uv": [8, 8, 16, 16],
					"texture": "#0"
				},
				"east": {
					"uv": [6, 0, 8, 8],
					"texture": "#0"
				},
				"south": {
					"uv": [8, 0, 16, 8],
					"texture": "#0"
				},
				"west": {
					"uv": [4, 0, 6, 8],
					"texture": "#0"
				},
				"up": {
					"uv": [4, 8, 6, 16],
					"rotation": 90,
					"texture": "#0"
				},
				"down": {
					"uv": [6, 8, 8, 16],
					"rotation": 90,
					"texture": "#0"
				}
			}
		}
	],
	"display": {
		"thirdperson_righthand": {
			"rotation": [-65.34086, -66.67523, -144.56293],
			"translation": [0.45327, 16.35945, 8.4498],
			"scale": [0.83575, 0.83575, 0.83575]
		},
		"thirdperson_lefthand": {
			"rotation": [-65.34086, -66.67523, -144.56293],
			"translation": [0.45327, 16.35945, 8.4498],
			"scale": [0.83575, 0.83575, 0.83575]
		},
		"firstperson_righthand": {
			"rotation": [-65.34086, -66.67523, -144.56293],
			"translation": [-2.77337, 12.17972, 6.8499],
			"scale": [0.41788, 0.41788, 0.41788]
		},
		"firstperson_lefthand": {
			"rotation": [65.34086, 66.67523, 35.43707],
			"translation": [-3.22663, -6.17972, 6.8499],
			"scale": [0.41788, 0.41788, 0.41788]
		},
		"ground": {
			"rotation": [-21.3982, 9.50855, -77.42158],
			"translation": [1.5999, 19.17972, -2.22663],
			"scale": [0.41788, 0.41788, 0.41788]
		},
		"gui": {
			"rotation": [-157.98687, 7.91081, 144.23692],
			"translation": [5.35974, 6.62234, 2.22663],
			"scale": [0.41788, 0.41788, 0.41788]
		},
		"head": {
			"rotation": [-156.76573, 2.11209, 130.34367],
			"translation": [7.15861, 2.49965, 4.45327],
			"scale": [0.83575, 0.83575, 0.83575]
		},
		"fixed": {
			"rotation": [-22.01313, -7.91081, -35.76308],
			"translation": [-9.57559, 13.19575, -0.81261],
			"scale": [0.6686, 0.6686, 0.6686]
		}
	}
}