{
	"textures": {
		"0": "item/madoka_bow"
	},
	"elements": [
		{
			"from": [7.1026, 7.1026, 7.80257],
			"to": [8.8974, 8.8974, 8.19743],
			"light_emission": 0,
			"faces": {
				"north": {
					"uv": [8, 8, 16, 16],
					"rotation": 90,
					"texture": "#0"
				},
				"east": {
					"uv": [6, 8, 8, 0],
					"texture": "#0"
				},
				"south": {
					"uv": [8, 0, 16, 8],
					"rotation": 270,
					"texture": "#0"
				},
				"west": {
					"uv": [6, 8, 4, 0],
					"texture": "#0"
				},
				"up": {
					"uv": [8, 8, 6, 16],
					"rotation": 90,
					"texture": "#0"
				},
				"down": {
					"uv": [6, 8, 4, 16],
					"rotation": 90,
					"texture": "#0"
				}
			}
		}
	],
	"display": {
		"thirdperson_righthand": {
			"rotation": [-94.61757, 19.09115, 26.03661],
			"translation": [-0.18357, 15.8374, 8.62947],
			"scale": [0.83575, 0.83575, 0.83575]
		},
		"thirdperson_lefthand": {
			"rotation": [-94.61757, 19.09115, 26.03661],
			"translation": [-0.18357, 15.8374, 8.62947],
			"scale": [0.83575, 0.83575, 0.83575]
		},
		"firstperson_righthand": {
			"rotation": [-94.61757, 19.09115, 26.03661],
			"translation": [-3.09179, 11.9187, 6.93973],
			"scale": [0.41788, 0.41788, 0.41788]
		},
		"firstperson_lefthand": {
			"rotation": [94.61757, -19.09115, -153.96339],
			"translation": [-2.90821, -5.9187, 6.93973],
			"scale": [0.41788, 0.41788, 0.41788]
		},
		"ground": {
			"rotation": [-109.1488, -4.36309, 114.52341],
			"translation": [1.68973, 18.9187, -1.90821],
			"scale": [0.41788, 0.41788, 0.41788]
		},
		"gui": {
			"rotation": [-61.88837, 46.04136, -84.99749],
			"translation": [5.11165, 6.5013, 1.90821],
			"scale": [0.41788, 0.41788, 0.41788]
		},
		"head": {
			"rotation": [-67.19014, 32.4695, -76.68629],
			"translation": [6.742, 2.13738, 3.81643],
			"scale": [0.83575, 0.83575, 0.83575]
		},
		"fixed": {
			"rotation": [-118.11163, -46.04136, 95.00251],
			"translation": [-9.17864, 13.00207, -0.30314],
			"scale": [0.6686, 0.6686, 0.6686]
		}
	}
}