{
	"textures": {
		"0": "item/madoka_bow"
	},
	"elements": [
		{
			"from": [7.1026, 7.1026, 7.80257],
			"to": [8.8974, 8.8974, 8.19743],
			"light_emission": 0,
			"faces": {
				"north": {
					"uv": [8, 8, 16, 16],
					"texture": "#0"
				},
				"east": {
					"uv": [6, 0, 8, 8],
					"texture": "#0"
				},
				"south": {
					"uv": [8, 0, 16, 8],
					"texture": "#0"
				},
				"west": {
					"uv": [4, 0, 6, 8],
					"texture": "#0"
				},
				"up": {
					"uv": [4, 8, 6, 16],
					"rotation": 90,
					"texture": "#0"
				},
				"down": {
					"uv": [6, 8, 8, 16],
					"rotation": 90,
					"texture": "#0"
				}
			}
		}
	],
	"display": {
		"thirdperson_righthand": {
			"rotation": [-15.56988, 37.36352, -4.89471],
			"translation": [-0.44793, 16.54249, 8.25394],
			"scale": [0.83575, 0.83575, 0.83575]
		},
		"thirdperson_lefthand": {
			"rotation": [-15.56988, 37.36352, -4.89471],
			"translation": [-0.44793, 16.54249, 8.25394],
			"scale": [0.83575, 0.83575, 0.83575]
		},
		"firstperson_righthand": {
			"rotation": [-15.56988, 37.36352, -4.89471],
			"translation": [-3.22397, 12.27125, 6.75197],
			"scale": [0.41788, 0.41788, 0.41788]
		},
		"firstperson_lefthand": {
			"rotation": [15.56988, -37.36352, 175.10529],
			"translation": [-2.77603, -6.27125, 6.75197],
			"scale": [0.41788, 0.41788, 0.41788]
		},
		"ground": {
			"rotation": [-160.6317, 49.96352, 150.44353],
			"translation": [1.50197, 19.27125, -1.77603],
			"scale": [0.41788, 0.41788, 0.41788]
		},
		"gui": {
			"rotation": [-48.75961, -22.98779, -75.99483],
			"translation": [5.49371, 6.61781, 1.77603],
			"scale": [0.41788, 0.41788, 0.41788]
		},
		"head": {
			"rotation": [-43.08351, -33.80663, -64.14561],
			"translation": [7.41976, 2.56024, 3.55207],
			"scale": [0.83575, 0.83575, 0.83575]
		},
		"fixed": {
			"rotation": [-131.24039, 22.98779, 104.00517],
			"translation": [-9.78994, 13.1885, -0.09166],
			"scale": [0.6686, 0.6686, 0.6686]
		}
	}
}