{
	"textures": {
		"0": "item/madoka_bow"
	},
	"elements": [
		{
			"from": [7.40174, 7.40174, 7.85043],
			"to": [8.59826, 8.59826, 8.14957],
			"light_emission": 0,
			"faces": {
				"north": {
					"uv": [8, 8, 16, 16],
					"texture": "#0"
				},
				"east": {
					"uv": [6, 0, 8, 8],
					"texture": "#0"
				},
				"south": {
					"uv": [8, 0, 16, 8],
					"texture": "#0"
				},
				"west": {
					"uv": [4, 0, 6, 8],
					"texture": "#0"
				},
				"up": {
					"uv": [4, 8, 6, 16],
					"rotation": 90,
					"texture": "#0"
				},
				"down": {
					"uv": [6, 8, 8, 16],
					"rotation": 90,
					"texture": "#0"
				}
			}
		}
	],
	"display": {
		"thirdperson_righthand": {
			"rotation": [21.36002, -12.26005, -38.4362],
			"translation": [0.1176, 16.75845, 8.26444],
			"scale": [0.83575, 0.83575, 0.83575]
		},
		"thirdperson_lefthand": {
			"rotation": [21.36002, -12.26005, -38.4362],
			"translation": [0.1176, 16.75845, 8.26444],
			"scale": [0.83575, 0.83575, 0.83575]
		},
		"firstperson_righthand": {
			"rotation": [21.36002, -12.26005, -38.4362],
			"translation": [-2.9412, 12.37923, 6.75722],
			"scale": [0.41788, 0.41788, 0.41788]
		},
		"firstperson_lefthand": {
			"rotation": [-21.36002, 12.26005, 141.5638],
			"translation": [-3.0588, -6.37923, 6.75722],
			"scale": [0.41788, 0.41788, 0.41788]
		},
		"ground": {
			"rotation": [59.17886, 65.51511, -99.93573],
			"translation": [1.50722, 19.37923, -2.0588],
			"scale": [0.41788, 0.41788, 0.41788]
		},
		"gui": {
			"rotation": [-118.4543, -63.53295, -154.31537],
			"translation": [5.56635, 6.69788, 2.0588],
			"scale": [0.41788, 0.41788, 0.41788]
		},
		"head": {
			"rotation": [-145.34348, -75.03959, 177.15],
			"translation": [7.51865, 2.75252, 4.1176],
			"scale": [0.83575, 0.83575, 0.83575]
		},
		"fixed": {
			"rotation": [-61.5457, 63.53295, 25.68463],
			"translation": [-9.90616, 13.31661, -0.54408],
			"scale": [0.6686, 0.6686, 0.6686]
		}
	}
}