{
	"textures": {
		"0": "item/madoka_bow"
	},
	"elements": [
		{
			"from": [7.40174, 7.40174, 7.85043],
			"to": [8.59826, 8.59826, 8.14957],
			"light_emission": 0,
			"faces": {
				"north": {
					"uv": [8, 8, 16, 16],
					"texture": "#0"
				},
				"east": {
					"uv": [6, 0, 8, 8],
					"texture": "#0"
				},
				"south": {
					"uv": [8, 0, 16, 8],
					"texture": "#0"
				},
				"west": {
					"uv": [4, 0, 6, 8],
					"texture": "#0"
				},
				"up": {
					"uv": [4, 8, 6, 16],
					"rotation": 90,
					"texture": "#0"
				},
				"down": {
					"uv": [6, 8, 8, 16],
					"rotation": 90,
					"texture": "#0"
				}
			}
		}
	],
	"display": {
		"thirdperson_righthand": {
			"rotation": [-91.21839, -33.07917, 150.38933],
			"translation": [0.10466, 16.34921, 8.52317],
			"scale": [0.83575, 0.83575, 0.83575]
		},
		"thirdperson_lefthand": {
			"rotation": [-91.21839, -33.07917, 150.38933],
			"translation": [0.10466, 16.34921, 8.52317],
			"scale": [0.83575, 0.83575, 0.83575]
		},
		"firstperson_righthand": {
			"rotation": [-91.21839, -33.07917, 150.38933],
			"translation": [-2.94767, 12.1746, 6.88659],
			"scale": [0.41788, 0.41788, 0.41788]
		},
		"firstperson_lefthand": {
			"rotation": [91.21839, 33.07917, -29.61067],
			"translation": [-3.05233, -6.1746, 6.88659],
			"scale": [0.41788, 0.41788, 0.41788]
		},
		"ground": {
			"rotation": [-56.9149, -1.02089, -118.9456],
			"translation": [1.63659, 19.1746, -2.05233],
			"scale": [0.41788, 0.41788, 0.41788]
		},
		"gui": {
			"rotation": [-133.27146, 37.22607, 90.05163],
			"translation": [5.33018, 6.64467, 2.05233],
			"scale": [0.41788, 0.41788, 0.41788]
		},
		"head": {
			"rotation": [-127.29524, 25.74036, 78.69283],
			"translation": [7.08995, 2.52747, 4.10466],
			"scale": [0.83575, 0.83575, 0.83575]
		},
		"fixed": {
			"rotation": [-46.72854, -37.22607, -89.94837],
			"translation": [-9.52829, 13.23147, -0.53373],
			"scale": [0.6686, 0.6686, 0.6686]
		}
	}
}