{
	"textures": {
		"0": "item/madoka_bow"
	},
	"elements": [
		{
			"from": [7.40174, 7.40174, 7.85043],
			"to": [8.59826, 8.59826, 8.14957],
			"light_emission": 0,
			"faces": {
				"north": {
					"uv": [8, 8, 16, 16],
					"texture": "#0"
				},
				"east": {
					"uv": [6, 0, 8, 8],
					"texture": "#0"
				},
				"south": {
					"uv": [8, 0, 16, 8],
					"texture": "#0"
				},
				"west": {
					"uv": [4, 0, 6, 8],
					"texture": "#0"
				},
				"up": {
					"uv": [4, 8, 6, 16],
					"rotation": 90,
					"texture": "#0"
				},
				"down": {
					"uv": [6, 8, 8, 16],
					"rotation": 90,
					"texture": "#0"
				}
			}
		}
	],
	"display": {
		"thirdperson_righthand": {
			"rotation": [-50.47362, 53.24522, 62.72603],
			"translation": [-0.23447, 16.35613, 8.43489],
			"scale": [0.83575, 0.83575, 0.83575]
		},
		"thirdperson_lefthand": {
			"rotation": [-50.47362, 53.24522, 62.72603],
			"translation": [-0.23447, 16.35613, 8.43489],
			"scale": [0.83575, 0.83575, 0.83575]
		},
		"firstperson_righthand": {
			"rotation": [-50.47362, 53.24522, 62.72603],
			"translation": [-3.11723, 12.17807, 6.84244],
			"scale": [0.41788, 0.41788, 0.41788]
		},
		"firstperson_lefthand": {
			"rotation": [50.47362, -53.24522, -117.27397],
			"translation": [-2.88277, -6.17807, 6.84244],
			"scale": [0.41788, 0.41788, 0.41788]
		},
		"ground": {
			"rotation": [-150.05458, 22.3855, -173.80602],
			"translation": [1.59244, 19.17807, -1.88277],
			"scale": [0.41788, 0.41788, 0.41788]
		},
		"gui": {
			"rotation": [-36.62932, 3.27216, -31.66423],
			"translation": [5.36384, 6.6159, 1.88277],
			"scale": [0.41788, 0.41788, 0.41788]
		},
		"head": {
			"rotation": [-36.37409, -5.68359, -19.6162],
			"translation": [7.16987, 2.48932, 3.76553],
			"scale": [0.83575, 0.83575, 0.83575]
		},
		"fixed": {
			"rotation": [-143.37068, -3.27216, 148.33577],
			"translation": [-9.58215, 13.18544, -0.26243],
			"scale": [0.6686, 0.6686, 0.6686]
		}
	}
}