{
	"textures": {
		"0": "item/madoka_bow"
	},
	"elements": [
		{
			"from": [7.77565, 6.80347, 7.77565],
			"to": [8.22435, 9.19653, 8.22435],
			"light_emission": 0,
			"faces": {
				"north": {
					"uv": [0, 5, 1, 15],
					"texture": "#0"
				},
				"east": {
					"uv": [0, 5, 1, 15],
					"texture": "#0"
				},
				"south": {
					"uv": [0, 5, 1, 15],
					"texture": "#0"
				},
				"west": {
					"uv": [0, 5, 1, 15],
					"texture": "#0"
				},
				"up": {
					"uv": [0, 5, 1, 6],
					"texture": "#0"
				},
				"down": {
					"uv": [0, 5, 1, 6],
					"texture": "#0"
				}
			}
		}
	],
	"display": {
		"thirdperson_righthand": {
			"rotation": [90, -45, 0],
			"translation": [0, -1.88661, -0.05],
			"scale": [0.83575, 0.83575, 0.83575]
		},
		"thirdperson_lefthand": {
			"rotation": [90, -45, 0],
			"translation": [0, -1.88661, -0.05],
			"scale": [0.83575, 0.83575, 0.83575]
		},
		"firstperson_righthand": {
			"rotation": [90, -45, 0],
			"translation": [-3, 3.05669, 2.6],
			"scale": [0.41788, 0.41788, 0.41788]
		},
		"firstperson_lefthand": {
			"rotation": [-90, 45, 180],
			"translation": [-3, 2.94331, 2.6],
			"scale": [0.41788, 0.41788, 0.41788]
		},
		"ground": {
			"rotation": [45, 0, -90],
			"translation": [-2.65, 10.05669, -2],
			"scale": [0.41788, 0.41788, 0.41788]
		},
		"gui": {
			"rotation": [144.73561, -30, 125.26439],
			"translation": [1.91392, -2.83374, 2],
			"scale": [0.41788, 0.41788, 0.41788]
		},
		"head": {
			"rotation": [139.10661, -20.70481, 112.20765],
			"translation": [5.39663, -17.5518, 4],
			"scale": [0.83575, 0.83575, 0.83575]
		},
		"fixed": {
			"rotation": [35.26439, 30, -54.73561],
			"translation": [-4.06227, -1.93399, -0.45],
			"scale": [0.6686, 0.6686, 0.6686]
		}
	}
}