{
	"textures": {
		"0": "item/madoka_bow"
	},
	"elements": [
		{
			"from": [3.21388, 7.40174, 7.40174],
			"to": [12.78612, 8.59826, 8.59826],
			"light_emission": 0,
			"faces": {
				"north": {
					"uv": [1, 5, 3, 16],
					"rotation": 90,
					"texture": "#0"
				},
				"east": {
					"uv": [0, 15, 1, 16],
					"texture": "#0"
				},
				"south": {
					"uv": [1, 5, 3, 16],
					"rotation": 90,
					"texture": "#0"
				},
				"west": {
					"uv": [0, 15, 1, 16],
					"texture": "#0"
				},
				"up": {
					"uv": [1, 5, 3, 16],
					"rotation": 90,
					"texture": "#0"
				},
				"down": {
					"uv": [1, 5, 3, 16],
					"rotation": 90,
					"texture": "#0"
				}
			}
		}
	],
	"display": {
		"thirdperson_righthand": {
			"rotation": [127.5, -55, 0],
			"translation": [-2.17958, 12.1665, 5.25514],
			"scale": [0.83575, 0.83575, 0.83575]
		},
		"thirdperson_lefthand": {
			"rotation": [127.5, -55, 0],
			"translation": [-2.17958, 12.1665, 5.25514],
			"scale": [0.83575, 0.83575, 0.83575]
		},
		"firstperson_righthand": {
			"rotation": [127.5, -55, 0],
			"translation": [-4.08979, 10.08325, 5.25257],
			"scale": [0.41788, 0.41788, 0.41788]
		},
		"firstperson_lefthand": {
			"rotation": [-127.5, 55, 180],
			"translation": [-1.91021, -4.08325, 5.25257],
			"scale": [0.41788, 0.41788, 0.41788]
		},
		"ground": {
			"rotation": [29.0527, -20.43663, -122.15172],
			"translation": [0.00257, 17.08325, -0.91021],
			"scale": [0.41788, 0.41788, 0.41788]
		},
		"gui": {
			"rotation": [145.23095, -4.29357, 96.15518],
			"translation": [5.0068, 4.01043, 0.91021],
			"scale": [0.41788, 0.41788, 0.41788]
		},
		"head": {
			"rotation": [145.23095, 4.29357, 83.84482],
			"translation": [7.8288, -2.72888, 1.82042],
			"scale": [0.83575, 0.83575, 0.83575]
		},
		"fixed": {
			"rotation": [34.76905, 4.29357, -83.84482],
			"translation": [-9.01088, 9.01669, 1.29366],
			"scale": [0.6686, 0.6686, 0.6686]
		}
	}
}