{
	"textures": {
		"0": "item/madoka_bow"
	},
	"elements": [
		{
			"from": [6.80347, 6.80347, 7.70087],
			"to": [9.19653, 9.19653, 8.29913],
			"light_emission": 0,
			"faces": {
				"north": {
					"uv": [8, 8, 16, 16],
					"texture": "#0"
				},
				"east": {
					"uv": [6, 0, 8, 8],
					"texture": "#0"
				},
				"south": {
					"uv": [8, 0, 16, 8],
					"texture": "#0"
				},
				"west": {
					"uv": [4, 0, 6, 8],
					"texture": "#0"
				},
				"up": {
					"uv": [4, 8, 6, 16],
					"rotation": 90,
					"texture": "#0"
				},
				"down": {
					"uv": [6, 8, 8, 16],
					"rotation": 90,
					"texture": "#0"
				}
			}
		}
	],
	"display": {
		"thirdperson_righthand": {
			"rotation": [-87.5, -45, 175],
			"translation": [0.58656, 15.9444, 8.72033],
			"scale": [0.83575, 0.83575, 0.83575]
		},
		"thirdperson_lefthand": {
			"rotation": [-87.5, -45, 175],
			"translation": [0.58656, 15.9444, 8.72033],
			"scale": [0.83575, 0.83575, 0.83575]
		},
		"firstperson_righthand": {
			"rotation": [-87.5, -45, 175],
			"translation": [-2.70672, 11.9722, 6.98516],
			"scale": [0.41788, 0.41788, 0.41788]
		},
		"firstperson_lefthand": {
			"rotation": [87.5, 45, -5],
			"translation": [-3.29328, -5.9722, 6.98516],
			"scale": [0.41788, 0.41788, 0.41788]
		},
		"ground": {
			"rotation": [-44.97272, 1.76749, -96.76833],
			"translation": [1.73516, 18.9722, -2.29328],
			"scale": [0.41788, 0.41788, 0.41788]
		},
		"gui": {
			"rotation": [-143.59949, 28.53623, 117.94098],
			"translation": [5.11736, 6.57125, 2.29328],
			"scale": [0.41788, 0.41788, 0.41788]
		},
		"head": {
			"rotation": [-138.42663, 19.05681, 105.20848],
			"translation": [6.71681, 2.27547, 4.58656],
			"scale": [0.83575, 0.83575, 0.83575]
		},
		"fixed": {
			"rotation": [-36.40051, -28.53623, -62.05902],
			"translation": [-9.18777, 13.114, -0.91925],
			"scale": [0.6686, 0.6686, 0.6686]
		}
	}
}