{
	"textures": {
		"0": "unknown"
	},
	"elements": [
		{
			"from": [6.57934, 6.57934, 7.11209],
			"to": [9.42066, 9.42066, 8.88791],
			"light_emission": 0,
			"faces": {
				"north": {
					"uv": [0, 1, 4, 5],
					"rotation": 270,
					"texture": "#0"
				},
				"east": {
					"uv": [1, 12, 3, 16],
					"texture": "#0"
				},
				"south": {
					"uv": [0, 1, 4, 5],
					"rotation": 270,
					"texture": "#0"
				},
				"west": {
					"uv": [1, 12, 3, 16],
					"texture": "#0"
				},
				"up": {
					"uv": [1, 12, 3, 16],
					"rotation": 90,
					"texture": "#0"
				},
				"down": {
					"uv": [1, 12, 3, 16],
					"rotation": 90,
					"texture": "#0"
				}
			}
		}
	],
	"display": {
		"thirdperson_righthand": {
			"rotation": [67.5, -90, 0],
			"translation": [0, 2, 1.25],
			"scale": [0.7039, 0.7039, 0.7039]
		},
		"thirdperson_lefthand": {
			"rotation": [67.5, -90, 0],
			"translation": [0, 2, 1.25],
			"scale": [0.7039, 0.7039, 0.7039]
		},
		"firstperson_righthand": {
			"rotation": [67.5, -90, 0],
			"translation": [-3, 5, 3.25],
			"scale": [0.35195, 0.35195, 0.35195]
		},
		"firstperson_lefthand": {
			"rotation": [112.5, 90, 0],
			"translation": [-3, 1, 3.25],
			"scale": [0.35195, 0.35195, 0.35195]
		},
		"ground": {
			"rotation": [0, 0, -67.5],
			"translation": [-2, 12, -2],
			"scale": [0.35195, 0.35195, 0.35195]
		},
		"gui": {
			"rotation": [180, 0, 157.5],
			"translation": [2.82843, -1, 2],
			"scale": [0.35195, 0.35195, 0.35195]
		},
		"head": {
			"rotation": [-180, 0, 142.5],
			"translation": [6.2141, -13.5359, 4],
			"scale": [0.7039, 0.7039, 0.7039]
		},
		"fixed": {
			"rotation": [0, 0, -22.5],
			"translation": [-5.52548, 1, -0.45],
			"scale": [0.56312, 0.56312, 0.56312]
		}
	}
}