{
	"textures": {
		"0": "unknown"
	},
	"elements": [
		{
			"from": [6.57934, 6.57934, 7.64484],
			"to": [9.42066, 9.42066, 8.35516],
			"light_emission": 0,
			"faces": {
				"north": {
					"uv": [8, 8, 16, 16],
					"texture": "#0"
				},
				"east": {
					"uv": [6, 0, 8, 8],
					"texture": "#0"
				},
				"south": {
					"uv": [8, 0, 16, 8],
					"texture": "#0"
				},
				"west": {
					"uv": [4, 0, 6, 8],
					"texture": "#0"
				},
				"up": {
					"uv": [4, 8, 6, 16],
					"rotation": 90,
					"texture": "#0"
				},
				"down": {
					"uv": [6, 8, 8, 16],
					"rotation": 90,
					"texture": "#0"
				}
			}
		}
	],
	"display": {
		"thirdperson_righthand": {
			"rotation": [-49.56968, 49.27781, 74.26772],
			"translation": [-0.68663, 12.64922, 12.92478],
			"scale": [0.7039, 0.7039, 0.7039]
		},
		"thirdperson_lefthand": {
			"rotation": [-49.56968, 49.27781, 74.26772],
			"translation": [-0.68663, 12.64922, 12.92478],
			"scale": [0.7039, 0.7039, 0.7039]
		},
		"firstperson_righthand": {
			"rotation": [-49.56968, 49.27781, 74.26772],
			"translation": [-3.34331, 10.32461, 9.08739],
			"scale": [0.35195, 0.35195, 0.35195]
		},
		"firstperson_lefthand": {
			"rotation": [49.56968, -49.27781, -105.73228],
			"translation": [-2.65669, -4.32461, 9.08739],
			"scale": [0.35195, 0.35195, 0.35195]
		},
		"ground": {
			"rotation": [-146.76541, 25.02989, -162.88195],
			"translation": [3.83739, 17.32461, -1.65669],
			"scale": [0.35195, 0.35195, 0.35195]
		},
		"gui": {
			"rotation": [-40.63201, 2.9794, -19.19868],
			"translation": [2.46584, 6.89273, 1.65669],
			"scale": [0.35195, 0.35195, 0.35195]
		},
		"head": {
			"rotation": [-40.25077, -6.78297, -7.79009],
			"translation": [1.42806, 1.52399, 3.31337],
			"scale": [0.7039, 0.7039, 0.7039]
		},
		"fixed": {
			"rotation": [-139.36799, -2.9794, 160.80132],
			"translation": [-4.94534, 13.62836, 0.0993],
			"scale": [0.56312, 0.56312, 0.56312]
		}
	}
}