{
	"textures": {
		"0": "unknown"
	},
	"elements": [
		{
			"from": [6.57934, 6.57934, 7.64484],
			"to": [9.42066, 9.42066, 8.35516],
			"light_emission": 0,
			"faces": {
				"north": {
					"uv": [8, 8, 16, 16],
					"texture": "#0"
				},
				"east": {
					"uv": [6, 0, 8, 8],
					"texture": "#0"
				},
				"south": {
					"uv": [8, 0, 16, 8],
					"texture": "#0"
				},
				"west": {
					"uv": [4, 0, 6, 8],
					"texture": "#0"
				},
				"up": {
					"uv": [4, 8, 6, 16],
					"rotation": 90,
					"texture": "#0"
				},
				"down": {
					"uv": [6, 8, 8, 16],
					"rotation": 90,
					"texture": "#0"
				}
			}
		}
	],
	"display": {
		"thirdperson_righthand": {
			"rotation": [23.85553, -6.68398, -38.40345],
			"translation": [-0.03703, 13.50066, 12.45192],
			"scale": [0.7039, 0.7039, 0.7039]
		},
		"thirdperson_lefthand": {
			"rotation": [23.85553, -6.68398, -38.40345],
			"translation": [-0.03703, 13.50066, 12.45192],
			"scale": [0.7039, 0.7039, 0.7039]
		},
		"firstperson_righthand": {
			"rotation": [23.85553, -6.68398, -38.40345],
			"translation": [-3.01852, 10.75033, 8.85096],
			"scale": [0.35195, 0.35195, 0.35195]
		},
		"firstperson_lefthand": {
			"rotation": [-23.85553, 6.68398, 141.59655],
			"translation": [-2.98148, -4.75033, 8.85096],
			"scale": [0.35195, 0.35195, 0.35195]
		},
		"ground": {
			"rotation": [73.84036, 65.27859, -113.65726],
			"translation": [3.60096, 17.75033, -1.98148],
			"scale": [0.35195, 0.35195, 0.35195]
		},
		"gui": {
			"rotation": [-107.99774, -67.87049, -145.1523],
			"translation": [2.93405, 7.02657, 1.98148],
			"scale": [0.35195, 0.35195, 0.35195]
		},
		"head": {
			"rotation": [-137.59281, -80.93036, -175.63711],
			"translation": [2.26328, 2.02493, 3.96297],
			"scale": [0.7039, 0.7039, 0.7039]
		},
		"fixed": {
			"rotation": [-72.00226, 67.87049, 34.8477],
			"translation": [-5.69448, 13.84252, -0.42038],
			"scale": [0.56312, 0.56312, 0.56312]
		}
	}
}