{
	"textures": {
		"0": "item/madoka_bow"
	},
	"elements": [
		{
			"from": [6.93451, 6.93451, 7.76559],
			"to": [9.06549, 9.06549, 8.23441],
			"light_emission": 0,
			"faces": {
				"north": {
					"uv": [8, 8, 16, 16],
					"texture": "#0"
				},
				"east": {
					"uv": [6, 0, 8, 8],
					"texture": "#0"
				},
				"south": {
					"uv": [8, 0, 16, 8],
					"texture": "#0"
				},
				"west": {
					"uv": [4, 0, 6, 8],
					"texture": "#0"
				},
				"up": {
					"uv": [4, 8, 6, 16],
					"rotation": 90,
					"texture": "#0"
				},
				"down": {
					"uv": [6, 8, 8, 16],
					"rotation": 90,
					"texture": "#0"
				}
			}
		}
	],
	"display": {
		"thirdperson_righthand": {
			"rotation": [-45.34086, -66.67523, -144.56293],
			"translation": [0.45327, 13.03099, 12.92682],
			"scale": [0.7039, 0.7039, 0.7039]
		},
		"thirdperson_lefthand": {
			"rotation": [-45.34086, -66.67523, -144.56293],
			"translation": [0.45327, 13.03099, 12.92682],
			"scale": [0.7039, 0.7039, 0.7039]
		},
		"firstperson_righthand": {
			"rotation": [-45.34086, -66.67523, -144.56293],
			"translation": [-2.77337, 10.51549, 9.08841],
			"scale": [0.35195, 0.35195, 0.35195]
		},
		"firstperson_lefthand": {
			"rotation": [45.34086, 66.67523, 35.43707],
			"translation": [-3.22663, -4.51549, 9.08841],
			"scale": [0.35195, 0.35195, 0.35195]
		},
		"ground": {
			"rotation": [-17.05073, 16.15896, -96.78397],
			"translation": [3.83841, 17.51549, -2.22663],
			"scale": [0.35195, 0.35195, 0.35195]
		},
		"gui": {
			"rotation": [-156.6756, 0.13496, 125.75007],
			"translation": [2.60009, 7.02842, 2.22663],
			"scale": [0.35195, 0.35195, 0.35195]
		},
		"head": {
			"rotation": [-157.35679, -5.75071, 111.93021],
			"translation": [1.61717, 1.85563, 4.45327],
			"scale": [0.7039, 0.7039, 0.7039]
		},
		"fixed": {
			"rotation": [-23.3244, -0.13496, -54.24993],
			"translation": [-5.16015, 13.84548, -0.81261],
			"scale": [0.56312, 0.56312, 0.56312]
		}
	}
}