{
	"textures": {
		"0": "item/madoka_bow"
	},
	"elements": [
		{
			"from": [6.93451, 6.93451, 7.76559],
			"to": [9.06549, 9.06549, 8.23441],
			"light_emission": 0,
			"faces": {
				"north": {
					"uv": [8, 8, 16, 16],
					"rotation": 90,
					"texture": "#0"
				},
				"east": {
					"uv": [6, 8, 8, 0],
					"texture": "#0"
				},
				"south": {
					"uv": [8, 0, 16, 8],
					"rotation": 270,
					"texture": "#0"
				},
				"west": {
					"uv": [6, 8, 4, 0],
					"texture": "#0"
				},
				"up": {
					"uv": [8, 8, 6, 16],
					"rotation": 90,
					"texture": "#0"
				},
				"down": {
					"uv": [6, 8, 4, 16],
					"rotation": 90,
					"texture": "#0"
				}
			}
		}
	],
	"display": {
		"thirdperson_righthand": {
			"rotation": [-74.61757, 19.09115, 26.03661],
			"translation": [-0.18357, 12.47898, 12.9171],
			"scale": [0.7039, 0.7039, 0.7039]
		},
		"thirdperson_lefthand": {
			"rotation": [-74.61757, 19.09115, 26.03661],
			"translation": [-0.18357, 12.47898, 12.9171],
			"scale": [0.7039, 0.7039, 0.7039]
		},
		"firstperson_righthand": {
			"rotation": [-74.61757, 19.09115, 26.03661],
			"translation": [-3.09179, 10.23949, 9.08355],
			"scale": [0.35195, 0.35195, 0.35195]
		},
		"firstperson_lefthand": {
			"rotation": [74.61757, -19.09115, -153.96339],
			"translation": [-2.90821, -4.23949, 9.08355],
			"scale": [0.35195, 0.35195, 0.35195]
		},
		"ground": {
			"rotation": [-109.74649, 14.51722, 121.1784],
			"translation": [3.83355, 17.23949, -1.90821],
			"scale": [0.35195, 0.35195, 0.35195]
		},
		"gui": {
			"rotation": [-68.29122, 27.84147, -74.49642],
			"translation": [2.40836, 6.82982, 1.90821],
			"scale": [0.35195, 0.35195, 0.35195]
		},
		"head": {
			"rotation": [-70.3186, 13.79719, -68.83908],
			"translation": [1.34959, 1.37271, 3.81643],
			"scale": [0.7039, 0.7039, 0.7039]
		},
		"fixed": {
			"rotation": [-111.70878, -27.84147, 105.50358],
			"translation": [-4.85338, 13.52771, -0.30314],
			"scale": [0.56312, 0.56312, 0.56312]
		}
	}
}