{
	"textures": {
		"0": "unknown"
	},
	"elements": [
		{
			"from": [6.93451, 6.93451, 7.76559],
			"to": [9.06549, 9.06549, 8.23441],
			"light_emission": 0,
			"faces": {
				"north": {
					"uv": [8, 8, 16, 16],
					"texture": "#0"
				},
				"east": {
					"uv": [6, 0, 8, 8],
					"texture": "#0"
				},
				"south": {
					"uv": [8, 0, 16, 8],
					"texture": "#0"
				},
				"west": {
					"uv": [4, 0, 6, 8],
					"texture": "#0"
				},
				"up": {
					"uv": [4, 8, 6, 16],
					"rotation": 90,
					"texture": "#0"
				},
				"down": {
					"uv": [6, 8, 8, 16],
					"rotation": 90,
					"texture": "#0"
				}
			}
		}
	],
	"display": {
		"thirdperson_righthand": {
			"rotation": [4.43012, 37.36352, -4.89471],
			"translation": [-0.44793, 13.26999, 12.80537],
			"scale": [0.7039, 0.7039, 0.7039]
		},
		"thirdperson_lefthand": {
			"rotation": [4.43012, 37.36352, -4.89471],
			"translation": [-0.44793, 13.26999, 12.80537],
			"scale": [0.7039, 0.7039, 0.7039]
		},
		"firstperson_righthand": {
			"rotation": [4.43012, 37.36352, -4.89471],
			"translation": [-3.22397, 10.63499, 9.02769],
			"scale": [0.35195, 0.35195, 0.35195]
		},
		"firstperson_lefthand": {
			"rotation": [-4.43012, -37.36352, 175.10529],
			"translation": [-2.77603, -4.63499, 9.02769],
			"scale": [0.35195, 0.35195, 0.35195]
		},
		"ground": {
			"rotation": [174.22342, 52.41286, -177.61952],
			"translation": [3.77769, 17.63499, -1.77603],
			"scale": [0.35195, 0.35195, 0.35195]
		},
		"gui": {
			"rotation": [-40.42365, -37.13834, -59.56565],
			"translation": [2.72753, 7.06998, 1.77603],
			"scale": [0.35195, 0.35195, 0.35195]
		},
		"head": {
			"rotation": [-29.47818, -45.8039, -43.14796],
			"translation": [1.84185, 2.00188, 3.55207],
			"scale": [0.7039, 0.7039, 0.7039]
		},
		"fixed": {
			"rotation": [-139.57635, 37.13834, 120.43435],
			"translation": [-5.36404, 13.91197, -0.09166],
			"scale": [0.56312, 0.56312, 0.56312]
		}
	}
}