{
	"textures": {
		"0": "item/madoka_bow"
	},
	"elements": [
		{
			"from": [7.28967, 7.28967, 7.82242],
			"to": [8.71033, 8.71033, 8.17758],
			"light_emission": 0,
			"faces": {
				"north": {
					"uv": [8, 8, 16, 16],
					"texture": "#0"
				},
				"east": {
					"uv": [6, 0, 8, 8],
					"texture": "#0"
				},
				"south": {
					"uv": [8, 0, 16, 8],
					"texture": "#0"
				},
				"west": {
					"uv": [4, 0, 6, 8],
					"texture": "#0"
				},
				"up": {
					"uv": [4, 8, 6, 16],
					"rotation": 90,
					"texture": "#0"
				},
				"down": {
					"uv": [6, 8, 8, 16],
					"rotation": 90,
					"texture": "#0"
				}
			}
		}
	],
	"display": {
		"thirdperson_righthand": {
			"rotation": [41.36002, -12.26005, -38.4362],
			"translation": [0.1176, 13.46933, 12.88911],
			"scale": [0.7039, 0.7039, 0.7039]
		},
		"thirdperson_lefthand": {
			"rotation": [41.36002, -12.26005, -38.4362],
			"translation": [0.1176, 13.46933, 12.88911],
			"scale": [0.7039, 0.7039, 0.7039]
		},
		"firstperson_righthand": {
			"rotation": [41.36002, -12.26005, -38.4362],
			"translation": [-2.9412, 10.73466, 9.06955],
			"scale": [0.35195, 0.35195, 0.35195]
		},
		"firstperson_lefthand": {
			"rotation": [-41.36002, 12.26005, 141.5638],
			"translation": [-3.0588, -4.73466, 9.06955],
			"scale": [0.35195, 0.35195, 0.35195]
		},
		"ground": {
			"rotation": [71.79617, 47.1768, -114.87536],
			"translation": [3.81955, 17.73466, -2.0588],
			"scale": [0.35195, 0.35195, 0.35195]
		},
		"gui": {
			"rotation": [-163.71396, -77.21894, 158.24091],
			"translation": [2.7684, 7.17007, 2.0588],
			"scale": [0.35195, 0.35195, 0.35195]
		},
		"head": {
			"rotation": [137.80969, -73.34533, 98.14947],
			"translation": [1.86901, 2.21639, 4.1176],
			"scale": [0.7039, 0.7039, 0.7039]
		},
		"fixed": {
			"rotation": [-16.28604, 77.21894, -21.75909],
			"translation": [-5.42944, 14.07211, -0.54408],
			"scale": [0.56312, 0.56312, 0.56312]
		}
	}
}