{
	"textures": {
		"0": "item/madoka_bow"
	},
	"elements": [
		{
			"from": [7.28967, 7.28967, 7.82242],
			"to": [8.71033, 8.71033, 8.17758],
			"light_emission": 0,
			"faces": {
				"north": {
					"uv": [8, 8, 16, 16],
					"texture": "#0"
				},
				"east": {
					"uv": [6, 0, 8, 8],
					"texture": "#0"
				},
				"south": {
					"uv": [8, 0, 16, 8],
					"texture": "#0"
				},
				"west": {
					"uv": [4, 0, 6, 8],
					"texture": "#0"
				},
				"up": {
					"uv": [4, 8, 6, 16],
					"rotation": 90,
					"texture": "#0"
				},
				"down": {
					"uv": [6, 8, 8, 16],
					"rotation": 90,
					"texture": "#0"
				}
			}
		}
	],
	"display": {
		"thirdperson_righthand": {
			"rotation": [-71.21839, -33.07917, 150.38933],
			"translation": [0.10466, 12.99627, 12.99227],
			"scale": [0.7039, 0.7039, 0.7039]
		},
		"thirdperson_lefthand": {
			"rotation": [-71.21839, -33.07917, 150.38933],
			"translation": [0.10466, 12.99627, 12.99227],
			"scale": [0.7039, 0.7039, 0.7039]
		},
		"firstperson_righthand": {
			"rotation": [-71.21839, -33.07917, 150.38933],
			"translation": [-2.94767, 10.49814, 9.12113],
			"scale": [0.35195, 0.35195, 0.35195]
		},
		"firstperson_lefthand": {
			"rotation": [71.21839, 33.07917, -29.61067],
			"translation": [-3.05233, -4.49814, 9.12113],
			"scale": [0.35195, 0.35195, 0.35195]
		},
		"ground": {
			"rotation": [-55.4717, 15.65102, -130.12563],
			"translation": [3.87113, 17.49814, -2.05233],
			"scale": [0.35195, 0.35195, 0.35195]
		},
		"gui": {
			"rotation": [-125.98246, 21.72713, 75.43391],
			"translation": [2.56468, 7.03929, 2.05233],
			"scale": [0.35195, 0.35195, 0.35195]
		},
		"head": {
			"rotation": [-123.58664, 9.38201, 66.56771],
			"translation": [1.54314, 1.85829, 4.10466],
			"scale": [0.7039, 0.7039, 0.7039]
		},
		"fixed": {
			"rotation": [-54.01754, -21.72713, -104.56609],
			"translation": [-5.10349, 13.86286, -0.53373],
			"scale": [0.56312, 0.56312, 0.56312]
		}
	}
}