{
	"textures": {
		"0": "item/madoka_bow"
	},
	"elements": [
		{
			"from": [7.28967, 7.28967, 7.82242],
			"to": [8.71033, 8.71033, 8.17758],
			"light_emission": 0,
			"faces": {
				"north": {
					"uv": [8, 8, 16, 16],
					"texture": "#0"
				},
				"east": {
					"uv": [6, 0, 8, 8],
					"texture": "#0"
				},
				"south": {
					"uv": [8, 0, 16, 8],
					"texture": "#0"
				},
				"west": {
					"uv": [4, 0, 6, 8],
					"texture": "#0"
				},
				"up": {
					"uv": [4, 8, 6, 16],
					"rotation": 90,
					"texture": "#0"
				},
				"down": {
					"uv": [6, 8, 8, 16],
					"rotation": 90,
					"texture": "#0"
				}
			}
		}
	],
	"display": {
		"thirdperson_righthand": {
			"rotation": [-30.47362, 53.24522, 62.72603],
			"translation": [-0.23447, 13.03298, 12.91167],
			"scale": [0.7039, 0.7039, 0.7039]
		},
		"thirdperson_lefthand": {
			"rotation": [-30.47362, 53.24522, 62.72603],
			"translation": [-0.23447, 13.03298, 12.91167],
			"scale": [0.7039, 0.7039, 0.7039]
		},
		"firstperson_righthand": {
			"rotation": [-30.47362, 53.24522, 62.72603],
			"translation": [-3.11723, 10.51649, 9.08084],
			"scale": [0.35195, 0.35195, 0.35195]
		},
		"firstperson_lefthand": {
			"rotation": [30.47362, -53.24522, -117.27397],
			"translation": [-2.88277, -4.51649, 9.08084],
			"scale": [0.35195, 0.35195, 0.35195]
		},
		"ground": {
			"rotation": [-159.25499, 31.04635, -153.56849],
			"translation": [3.83084, 17.51649, -1.88277],
			"scale": [0.35195, 0.35195, 0.35195]
		},
		"gui": {
			"rotation": [-35.86654, -8.63226, -15.546],
			"translation": [2.60615, 7.02377, 1.88277],
			"scale": [0.35195, 0.35195, 0.35195]
		},
		"head": {
			"rotation": [-33.0186, -17.15165, -2.86606],
			"translation": [1.63128, 1.84978, 3.76553],
			"scale": [0.7039, 0.7039, 0.7039]
		},
		"fixed": {
			"rotation": [-144.13346, 8.63226, 164.454],
			"translation": [-5.16984, 13.83803, -0.26243],
			"scale": [0.56312, 0.56312, 0.56312]
		}
	}
}