{
	"textures": {
		"0": "unknown"
	},
	"elements": [
		{
			"from": [7.73363, 4.44835, 7.73363],
			"to": [8.26637, 11.55165, 8.26637],
			"light_emission": 0,
			"faces": {
				"north": {
					"uv": [0, 5, 1, 15],
					"texture": "#0"
				},
				"east": {
					"uv": [0, 5, 1, 15],
					"texture": "#0"
				},
				"south": {
					"uv": [0, 5, 1, 15],
					"texture": "#0"
				},
				"west": {
					"uv": [0, 5, 1, 15],
					"texture": "#0"
				},
				"up": {
					"uv": [0, 5, 1, 6],
					"texture": "#0"
				},
				"down": {
					"uv": [0, 5, 1, 6],
					"texture": "#0"
				}
			}
		}
	],
	"display": {
		"thirdperson_righthand": {
			"rotation": [90, -45, 0],
			"translation": [0, -1.88661, 1.45],
			"scale": [0.7039, 0.7039, 0.7039]
		},
		"thirdperson_lefthand": {
			"rotation": [90, -45, 0],
			"translation": [0, -1.88661, 1.45],
			"scale": [0.7039, 0.7039, 0.7039]
		},
		"firstperson_righthand": {
			"rotation": [90, -45, 0],
			"translation": [-3, 3.05669, 3.35],
			"scale": [0.35195, 0.35195, 0.35195]
		},
		"firstperson_lefthand": {
			"rotation": [-90, 45, 180],
			"translation": [-3, 2.94331, 3.35],
			"scale": [0.35195, 0.35195, 0.35195]
		},
		"ground": {
			"rotation": [45, 0, -90],
			"translation": [-1.9, 10.05669, -2],
			"scale": [0.35195, 0.35195, 0.35195]
		},
		"gui": {
			"rotation": [144.73561, -30, 125.26439],
			"translation": [1.38359, -2.30341, 2],
			"scale": [0.35195, 0.35195, 0.35195]
		},
		"head": {
			"rotation": [139.10661, -20.70481, 112.20765],
			"translation": [4.09759, -16.8018, 4],
			"scale": [0.7039, 0.7039, 0.7039]
		},
		"fixed": {
			"rotation": [35.26439, 30, -54.73561],
			"translation": [-3.21375, -1.08546, -0.45],
			"scale": [0.56312, 0.56312, 0.56312]
		}
	}
}