{
	"textures": {
		"0": "unknown"
	},
	"elements": [
		{
			"from": [2.31736, 7.28967, 7.28967],
			"to": [13.68264, 8.71033, 8.71033],
			"light_emission": 0,
			"faces": {
				"north": {
					"uv": [1, 5, 3, 16],
					"rotation": 90,
					"texture": "#0"
				},
				"east": {
					"uv": [0, 15, 1, 16],
					"texture": "#0"
				},
				"south": {
					"uv": [1, 5, 3, 16],
					"rotation": 90,
					"texture": "#0"
				},
				"west": {
					"uv": [0, 15, 1, 16],
					"texture": "#0"
				},
				"up": {
					"uv": [1, 5, 3, 16],
					"rotation": 90,
					"texture": "#0"
				},
				"down": {
					"uv": [1, 5, 3, 16],
					"rotation": 90,
					"texture": "#0"
				}
			}
		}
	],
	"display": {
		"thirdperson_righthand": {
			"rotation": [-32.5, -55, -180],
			"translation": [2.17958, 10.18355, 8.49074],
			"scale": [0.7039, 0.7039, 0.7039]
		},
		"thirdperson_lefthand": {
			"rotation": [-32.5, -55, -180],
			"translation": [2.17958, 10.18355, 8.49074],
			"scale": [0.7039, 0.7039, 0.7039]
		},
		"firstperson_righthand": {
			"rotation": [-32.5, -55, -180],
			"translation": [-1.91021, 9.09177, 6.87037],
			"scale": [0.35195, 0.35195, 0.35195]
		},
		"firstperson_lefthand": {
			"rotation": [32.5, 55, 0],
			"translation": [-4.08979, -3.09177, 6.87037],
			"scale": [0.35195, 0.35195, 0.35195]
		},
		"ground": {
			"rotation": [-20.61737, 28.93057, -142.12711],
			"translation": [1.62037, 16.09177, -3.08979],
			"scale": [0.35195, 0.35195, 0.35195]
		},
		"gui": {
			"rotation": [-145.6431, -7.13136, 79.70716],
			"translation": [3.16176, 4.45331, 3.08979],
			"scale": [0.35195, 0.35195, 0.35195]
		},
		"head": {
			"rotation": [-148.15593, -15.35793, 66.90546],
			"translation": [4.03521, -2.82837, 6.17958],
			"scale": [0.7039, 0.7039, 0.7039]
		},
		"fixed": {
			"rotation": [-34.3569, 7.13136, -100.29284],
			"translation": [-6.05881, 9.7253, -2.19366],
			"scale": [0.56312, 0.56312, 0.56312]
		}
	}
}