{
	"textures": {
		"0": "unknown"
	},
	"elements": [
		{
			"from": [6.57934, 6.57934, 7.64484],
			"to": [9.42066, 9.42066, 8.35516],
			"light_emission": 0,
			"faces": {
				"north": {
					"uv": [8, 8, 16, 16],
					"texture": "#0"
				},
				"east": {
					"uv": [6, 0, 8, 8],
					"texture": "#0"
				},
				"south": {
					"uv": [8, 0, 16, 8],
					"texture": "#0"
				},
				"west": {
					"uv": [4, 0, 6, 8],
					"texture": "#0"
				},
				"up": {
					"uv": [4, 8, 6, 16],
					"rotation": 90,
					"texture": "#0"
				},
				"down": {
					"uv": [6, 8, 8, 16],
					"rotation": 90,
					"texture": "#0"
				}
			}
		}
	],
	"display": {
		"thirdperson_righthand": {
			"rotation": [-67.5, -45, 175],
			"translation": [0.58656, 12.54845, 13.03908],
			"scale": [0.7039, 0.7039, 0.7039]
		},
		"thirdperson_lefthand": {
			"rotation": [-67.5, -45, 175],
			"translation": [0.58656, 12.54845, 13.03908],
			"scale": [0.7039, 0.7039, 0.7039]
		},
		"firstperson_righthand": {
			"rotation": [-67.5, -45, 175],
			"translation": [-2.70672, 10.27422, 9.14454],
			"scale": [0.35195, 0.35195, 0.35195]
		},
		"firstperson_lefthand": {
			"rotation": [67.5, 45, -5],
			"translation": [-3.29328, -4.27422, 9.14454],
			"scale": [0.35195, 0.35195, 0.35195]
		},
		"ground": {
			"rotation": [-42.7342, 15.69986, -111.32495],
			"translation": [3.89454, 17.27422, -2.29328],
			"scale": [0.35195, 0.35195, 0.35195]
		},
		"gui": {
			"rotation": [-137.26579, 15.69985, 101.32495],
			"translation": [2.3898, 6.89751, 2.29328],
			"scale": [0.35195, 0.35195, 0.35195]
		},
		"head": {
			"rotation": [-135.24614, 5.2957, 90.31847],
			"translation": [1.27869, 1.49386, 4.58656],
			"scale": [0.7039, 0.7039, 0.7039]
		},
		"fixed": {
			"rotation": [-42.73421, -15.69985, -78.67505],
			"translation": [-4.82368, 13.63601, -0.91925],
			"scale": [0.56312, 0.56312, 0.56312]
		}
	}
}