{
	"textures": {
		"0": "unknown"
	},
	"elements": [
		{
			"from": [6.71652, 6.71652, 7.67913],
			"to": [9.28348, 9.28348, 8.32087],
			"light_emission": 0,
			"faces": {
				"north": {
					"uv": [8, 8, 16, 16],
					"texture": "#0"
				},
				"east": {
					"uv": [6, 0, 8, 8],
					"texture": "#0"
				},
				"south": {
					"uv": [8, 0, 16, 8],
					"texture": "#0"
				},
				"west": {
					"uv": [4, 0, 6, 8],
					"texture": "#0"
				},
				"up": {
					"uv": [4, 8, 6, 16],
					"rotation": 90,
					"texture": "#0"
				},
				"down": {
					"uv": [6, 8, 8, 16],
					"rotation": 90,
					"texture": "#0"
				}
			}
		}
	],
	"display": {
		"thirdperson_righthand": {
			"rotation": [-59.56968, 49.27781, 74.26772],
			"translation": [-0.68663, 14.51474, 10.8982],
			"scale": [0.77913, 0.77913, 0.77913]
		},
		"thirdperson_lefthand": {
			"rotation": [-59.56968, 49.27781, 74.26772],
			"translation": [-0.68663, 14.51474, 10.8982],
			"scale": [0.77913, 0.77913, 0.77913]
		},
		"firstperson_righthand": {
			"rotation": [-59.56968, 49.27781, 74.26772],
			"translation": [-3.34331, 11.25737, 8.0741],
			"scale": [0.38956, 0.38956, 0.38956]
		},
		"firstperson_lefthand": {
			"rotation": [59.56968, -49.27781, -105.73228],
			"translation": [-2.65669, -5.25737, 8.0741],
			"scale": [0.38956, 0.38956, 0.38956]
		},
		"ground": {
			"rotation": [-143.41611, 19.29488, -171.73432],
			"translation": [2.8241, 18.25737, -1.65669],
			"scale": [0.38956, 0.38956, 0.38956]
		},
		"gui": {
			"rotation": [-39.79863, 9.44576, -26.87602],
			"translation": [3.8419, 6.83578, 1.65669],
			"scale": [0.38956, 0.38956, 0.38956]
		},
		"head": {
			"rotation": [-40.72139, -0.28074, -15.40614],
			"translation": [4.11589, 2.12628, 3.31337],
			"scale": [0.77913, 0.77913, 0.77913]
		},
		"fixed": {
			"rotation": [-140.20137, -9.44576, 153.12398],
			"translation": [-7.14705, 13.53725, 0.0993],
			"scale": [0.6233, 0.6233, 0.6233]
		}
	}
}