{
	"textures": {
		"0": "item/madoka_bow"
	},
	"elements": [
		{
			"from": [6.71652, 6.71652, 7.67913],
			"to": [9.28348, 9.28348, 8.32087],
			"light_emission": 0,
			"faces": {
				"north": {
					"uv": [8, 8, 16, 16],
					"texture": "#0"
				},
				"east": {
					"uv": [6, 0, 8, 8],
					"texture": "#0"
				},
				"south": {
					"uv": [8, 0, 16, 8],
					"texture": "#0"
				},
				"west": {
					"uv": [4, 0, 6, 8],
					"texture": "#0"
				},
				"up": {
					"uv": [4, 8, 6, 16],
					"rotation": 90,
					"texture": "#0"
				},
				"down": {
					"uv": [6, 8, 8, 16],
					"rotation": 90,
					"texture": "#0"
				}
			}
		}
	],
	"display": {
		"thirdperson_righthand": {
			"rotation": [13.85553, -6.68398, -38.40345],
			"translation": [-0.03703, 15.27113, 10.28467],
			"scale": [0.77913, 0.77913, 0.77913]
		},
		"thirdperson_lefthand": {
			"rotation": [13.85553, -6.68398, -38.40345],
			"translation": [-0.03703, 15.27113, 10.28467],
			"scale": [0.77913, 0.77913, 0.77913]
		},
		"firstperson_righthand": {
			"rotation": [13.85553, -6.68398, -38.40345],
			"translation": [-3.01852, 11.63557, 7.76733],
			"scale": [0.38956, 0.38956, 0.38956]
		},
		"firstperson_lefthand": {
			"rotation": [-13.85553, 6.68398, 141.59655],
			"translation": [-2.98148, -5.63557, 7.76733],
			"scale": [0.38956, 0.38956, 0.38956]
		},
		"ground": {
			"rotation": [63.92468, 74.64499, -103.14118],
			"translation": [2.51733, 18.63557, -1.98148],
			"scale": [0.38956, 0.38956, 0.38956]
		},
		"gui": {
			"rotation": [-102.76682, -58.21698, -139.30561],
			"translation": [4.32624, 6.88629, 1.98148],
			"scale": [0.38956, 0.38956, 0.38956]
		},
		"head": {
			"rotation": [-112.85317, -72.56069, -150.3076],
			"translation": [5.02541, 2.47457, 3.96297],
			"scale": [0.77913, 0.77913, 0.77913]
		},
		"fixed": {
			"rotation": [-77.23318, 58.21698, 40.69439],
			"translation": [-7.92199, 13.61807, -0.42038],
			"scale": [0.6233, 0.6233, 0.6233]
		}
	}
}