{
	"textures": {
		"0": "item/madoka_bow"
	},
	"elements": [
		{
			"from": [7.03739, 7.03739, 7.78823],
			"to": [8.96261, 8.96261, 8.21177],
			"light_emission": 0,
			"faces": {
				"north": {
					"uv": [8, 8, 16, 16],
					"texture": "#0"
				},
				"east": {
					"uv": [6, 0, 8, 8],
					"texture": "#0"
				},
				"south": {
					"uv": [8, 0, 16, 8],
					"texture": "#0"
				},
				"west": {
					"uv": [4, 0, 6, 8],
					"texture": "#0"
				},
				"up": {
					"uv": [4, 8, 6, 16],
					"rotation": 90,
					"texture": "#0"
				},
				"down": {
					"uv": [6, 8, 8, 16],
					"rotation": 90,
					"texture": "#0"
				}
			}
		}
	],
	"display": {
		"thirdperson_righthand": {
			"rotation": [-55.34086, -66.67523, -144.56293],
			"translation": [0.45327, 14.89106, 10.83391],
			"scale": [0.77913, 0.77913, 0.77913]
		},
		"thirdperson_lefthand": {
			"rotation": [-55.34086, -66.67523, -144.56293],
			"translation": [0.45327, 14.89106, 10.83391],
			"scale": [0.77913, 0.77913, 0.77913]
		},
		"firstperson_righthand": {
			"rotation": [-55.34086, -66.67523, -144.56293],
			"translation": [-2.77337, 11.44553, 8.04196],
			"scale": [0.38956, 0.38956, 0.38956]
		},
		"firstperson_lefthand": {
			"rotation": [55.34086, 66.67523, 35.43707],
			"translation": [-3.22663, -5.44553, 8.04196],
			"scale": [0.38956, 0.38956, 0.38956]
		},
		"ground": {
			"rotation": [-19.52794, 13.01286, -86.9734],
			"translation": [2.79196, 18.44553, -2.22663],
			"scale": [0.38956, 0.38956, 0.38956]
		},
		"gui": {
			"rotation": [-157.01446, 4.07563, 134.94893],
			"translation": [3.99768, 6.9461, 2.22663],
			"scale": [0.38956, 0.38956, 0.38956]
		},
		"head": {
			"rotation": [-156.7441, -1.84304, 121.15721],
			"translation": [4.35972, 2.42004, 4.45327],
			"scale": [0.77913, 0.77913, 0.77913]
		},
		"fixed": {
			"rotation": [-22.98554, -4.07563, -45.05107],
			"translation": [-7.39629, 13.71376, -0.81261],
			"scale": [0.6233, 0.6233, 0.6233]
		}
	}
}