{
	"textures": {
		"0": "unknown"
	},
	"elements": [
		{
			"from": [7.03739, 7.03739, 7.78823],
			"to": [8.96261, 8.96261, 8.21177],
			"light_emission": 0,
			"faces": {
				"north": {
					"uv": [8, 8, 16, 16],
					"rotation": 90,
					"texture": "#0"
				},
				"east": {
					"uv": [6, 8, 8, 0],
					"texture": "#0"
				},
				"south": {
					"uv": [8, 0, 16, 8],
					"rotation": 270,
					"texture": "#0"
				},
				"west": {
					"uv": [6, 8, 4, 0],
					"texture": "#0"
				},
				"up": {
					"uv": [8, 8, 6, 16],
					"rotation": 90,
					"texture": "#0"
				},
				"down": {
					"uv": [6, 8, 4, 16],
					"rotation": 90,
					"texture": "#0"
				}
			}
		}
	],
	"display": {
		"thirdperson_righthand": {
			"rotation": [-84.61757, 19.09115, 26.03661],
			"translation": [-0.18357, 14.34575, 10.9202],
			"scale": [0.77913, 0.77913, 0.77913]
		},
		"thirdperson_lefthand": {
			"rotation": [-84.61757, 19.09115, 26.03661],
			"translation": [-0.18357, 14.34575, 10.9202],
			"scale": [0.77913, 0.77913, 0.77913]
		},
		"firstperson_righthand": {
			"rotation": [-84.61757, 19.09115, 26.03661],
			"translation": [-3.09179, 11.17287, 8.0851],
			"scale": [0.38956, 0.38956, 0.38956]
		},
		"firstperson_lefthand": {
			"rotation": [84.61757, -19.09115, -153.96339],
			"translation": [-2.90821, -5.17287, 8.0851],
			"scale": [0.38956, 0.38956, 0.38956]
		},
		"ground": {
			"rotation": [-109.16954, 5.08559, 117.80169],
			"translation": [2.8351, 18.17287, -1.90821],
			"scale": [0.38956, 0.38956, 0.38956]
		},
		"gui": {
			"rotation": [-65.80535, 37.05552, -79.11282],
			"translation": [3.77438, 6.78381, 1.90821],
			"scale": [0.38956, 0.38956, 0.38956]
		},
		"head": {
			"rotation": [-69.15759, 23.18172, -72.48668],
			"translation": [4.01234, 1.99093, 3.81643],
			"scale": [0.77913, 0.77913, 0.77913]
		},
		"fixed": {
			"rotation": [-114.19465, -37.05552, 100.88718],
			"translation": [-7.03901, 13.4541, -0.30314],
			"scale": [0.6233, 0.6233, 0.6233]
		}
	}
}