{
	"textures": {
		"0": "unknown"
	},
	"elements": [
		{
			"from": [7.03739, 7.03739, 7.78823],
			"to": [8.96261, 8.96261, 8.21177],
			"light_emission": 0,
			"faces": {
				"north": {
					"uv": [8, 8, 16, 16],
					"texture": "#0"
				},
				"east": {
					"uv": [6, 0, 8, 8],
					"texture": "#0"
				},
				"south": {
					"uv": [8, 0, 16, 8],
					"texture": "#0"
				},
				"west": {
					"uv": [4, 0, 6, 8],
					"texture": "#0"
				},
				"up": {
					"uv": [4, 8, 6, 16],
					"rotation": 90,
					"texture": "#0"
				},
				"down": {
					"uv": [6, 8, 8, 16],
					"rotation": 90,
					"texture": "#0"
				}
			}
		}
	],
	"display": {
		"thirdperson_righthand": {
			"rotation": [-5.56988, 37.36352, -4.89471],
			"translation": [-0.44793, 15.10534, 10.67281],
			"scale": [0.77913, 0.77913, 0.77913]
		},
		"thirdperson_lefthand": {
			"rotation": [-5.56988, 37.36352, -4.89471],
			"translation": [-0.44793, 15.10534, 10.67281],
			"scale": [0.77913, 0.77913, 0.77913]
		},
		"firstperson_righthand": {
			"rotation": [-5.56988, 37.36352, -4.89471],
			"translation": [-3.22397, 11.55267, 7.9614],
			"scale": [0.38956, 0.38956, 0.38956]
		},
		"firstperson_lefthand": {
			"rotation": [5.56988, -37.36352, 175.10529],
			"translation": [-2.77603, -5.55267, 7.9614],
			"scale": [0.38956, 0.38956, 0.38956]
		},
		"ground": {
			"rotation": [-172.75562, 52.28361, 165.97627],
			"translation": [2.7114, 18.55267, -1.77603],
			"scale": [0.38956, 0.38956, 0.38956]
		},
		"gui": {
			"rotation": [-45.33015, -30.31857, -68.37445],
			"translation": [4.1304, 6.9649, 1.77603],
			"scale": [0.38956, 0.38956, 0.38956]
		},
		"head": {
			"rotation": [-37.30127, -40.27798, -54.57647],
			"translation": [4.60638, 2.52506, 3.55207],
			"scale": [0.77913, 0.77913, 0.77913]
		},
		"fixed": {
			"rotation": [-134.66985, 30.31857, 111.62555],
			"translation": [-7.60864, 13.74385, -0.09166],
			"scale": [0.6233, 0.6233, 0.6233]
		}
	}
}