{
	"textures": {
		"0": "item/madoka_bow"
	},
	"elements": [
		{
			"from": [7.35826, 7.35826, 7.83956],
			"to": [8.64174, 8.64174, 8.16044],
			"light_emission": 0,
			"faces": {
				"north": {
					"uv": [8, 8, 16, 16],
					"texture": "#0"
				},
				"east": {
					"uv": [6, 0, 8, 8],
					"texture": "#0"
				},
				"south": {
					"uv": [8, 0, 16, 8],
					"texture": "#0"
				},
				"west": {
					"uv": [4, 0, 6, 8],
					"texture": "#0"
				},
				"up": {
					"uv": [4, 8, 6, 16],
					"rotation": 90,
					"texture": "#0"
				},
				"down": {
					"uv": [6, 8, 8, 16],
					"rotation": 90,
					"texture": "#0"
				}
			}
		}
	],
	"display": {
		"thirdperson_righthand": {
			"rotation": [31.36002, -12.26005, -38.4362],
			"translation": [0.1176, 15.31619, 10.72065],
			"scale": [0.77913, 0.77913, 0.77913]
		},
		"thirdperson_lefthand": {
			"rotation": [31.36002, -12.26005, -38.4362],
			"translation": [0.1176, 15.31619, 10.72065],
			"scale": [0.77913, 0.77913, 0.77913]
		},
		"firstperson_righthand": {
			"rotation": [31.36002, -12.26005, -38.4362],
			"translation": [-2.9412, 11.6581, 7.98533],
			"scale": [0.38956, 0.38956, 0.38956]
		},
		"firstperson_lefthand": {
			"rotation": [-31.36002, 12.26005, 141.5638],
			"translation": [-3.0588, -5.6581, 7.98533],
			"scale": [0.38956, 0.38956, 0.38956]
		},
		"ground": {
			"rotation": [67.33644, 56.55754, -109.22631],
			"translation": [2.73533, 18.6581, -2.0588],
			"scale": [0.38956, 0.38956, 0.38956]
		},
		"gui": {
			"rotation": [-132.66012, -71.73804, -169.62451],
			"translation": [4.18803, 7.05637, 2.0588],
			"scale": [0.38956, 0.38956, 0.38956]
		},
		"head": {
			"rotation": [173.76674, -77.66589, 135.18447],
			"translation": [4.67037, 2.73159, 4.1176],
			"scale": [0.77913, 0.77913, 0.77913]
		},
		"fixed": {
			"rotation": [-47.33988, 71.73804, 10.37549],
			"translation": [-7.70085, 13.89019, -0.54408],
			"scale": [0.6233, 0.6233, 0.6233]
		}
	}
}