{
	"textures": {
		"0": "item/madoka_bow"
	},
	"elements": [
		{
			"from": [7.35826, 7.35826, 7.83956],
			"to": [8.64174, 8.64174, 8.16044],
			"light_emission": 0,
			"faces": {
				"north": {
					"uv": [8, 8, 16, 16],
					"texture": "#0"
				},
				"east": {
					"uv": [6, 0, 8, 8],
					"texture": "#0"
				},
				"south": {
					"uv": [8, 0, 16, 8],
					"texture": "#0"
				},
				"west": {
					"uv": [4, 0, 6, 8],
					"texture": "#0"
				},
				"up": {
					"uv": [4, 8, 6, 16],
					"rotation": 90,
					"texture": "#0"
				},
				"down": {
					"uv": [6, 8, 8, 16],
					"rotation": 90,
					"texture": "#0"
				}
			}
		}
	],
	"display": {
		"thirdperson_righthand": {
			"rotation": [-81.21839, -33.07917, 150.38933],
			"translation": [0.10466, 14.86824, 10.90439],
			"scale": [0.77913, 0.77913, 0.77913]
		},
		"thirdperson_lefthand": {
			"rotation": [-81.21839, -33.07917, 150.38933],
			"translation": [0.10466, 14.86824, 10.90439],
			"scale": [0.77913, 0.77913, 0.77913]
		},
		"firstperson_righthand": {
			"rotation": [-81.21839, -33.07917, 150.38933],
			"translation": [-2.94767, 11.43412, 8.0772],
			"scale": [0.38956, 0.38956, 0.38956]
		},
		"firstperson_lefthand": {
			"rotation": [81.21839, 33.07917, -29.61067],
			"translation": [-3.05233, -5.43412, 8.0772],
			"scale": [0.38956, 0.38956, 0.38956]
		},
		"ground": {
			"rotation": [-56.61111, 7.34963, -124.43013],
			"translation": [2.8272, 18.43412, -2.05233],
			"scale": [0.38956, 0.38956, 0.38956]
		},
		"gui": {
			"rotation": [-128.91686, 29.67606, 82.17753],
			"translation": [3.96469, 6.96295, 2.05233],
			"scale": [0.38956, 0.38956, 0.38956]
		},
		"head": {
			"rotation": [-124.94367, 17.65364, 72.35347],
			"translation": [4.28727, 2.43552, 4.10466],
			"scale": [0.77913, 0.77913, 0.77913]
		},
		"fixed": {
			"rotation": [-51.08314, -29.67606, -97.82247],
			"translation": [-7.34351, 13.74072, -0.53373],
			"scale": [0.6233, 0.6233, 0.6233]
		}
	}
}