{
	"textures": {
		"0": "item/madoka_bow"
	},
	"elements": [
		{
			"from": [7.35826, 7.35826, 7.83956],
			"to": [8.64174, 8.64174, 8.16044],
			"light_emission": 0,
			"faces": {
				"north": {
					"uv": [8, 8, 16, 16],
					"texture": "#0"
				},
				"east": {
					"uv": [6, 0, 8, 8],
					"texture": "#0"
				},
				"south": {
					"uv": [8, 0, 16, 8],
					"texture": "#0"
				},
				"west": {
					"uv": [4, 0, 6, 8],
					"texture": "#0"
				},
				"up": {
					"uv": [4, 8, 6, 16],
					"rotation": 90,
					"texture": "#0"
				},
				"down": {
					"uv": [6, 8, 8, 16],
					"rotation": 90,
					"texture": "#0"
				}
			}
		}
	],
	"display": {
		"thirdperson_righthand": {
			"rotation": [-40.47362, 53.24522, 62.72603],
			"translation": [-0.23447, 14.89039, 10.81865],
			"scale": [0.77913, 0.77913, 0.77913]
		},
		"thirdperson_lefthand": {
			"rotation": [-40.47362, 53.24522, 62.72603],
			"translation": [-0.23447, 14.89039, 10.81865],
			"scale": [0.77913, 0.77913, 0.77913]
		},
		"firstperson_righthand": {
			"rotation": [-40.47362, 53.24522, 62.72603],
			"translation": [-3.11723, 11.44519, 8.03433],
			"scale": [0.38956, 0.38956, 0.38956]
		},
		"firstperson_lefthand": {
			"rotation": [40.47362, -53.24522, -117.27397],
			"translation": [-2.88277, -5.44519, 8.03433],
			"scale": [0.38956, 0.38956, 0.38956]
		},
		"ground": {
			"rotation": [-154.13642, 27.07776, -164.07695],
			"translation": [2.78433, 18.44519, -1.88277],
			"scale": [0.38956, 0.38956, 0.38956]
		},
		"gui": {
			"rotation": [-36.66901, -2.70674, -23.64471],
			"translation": [4.00284, 6.94047, 1.88277],
			"scale": [0.38956, 0.38956, 0.38956]
		},
		"head": {
			"rotation": [-35.14215, -11.53736, -11.41219],
			"translation": [4.3726, 2.41183, 3.76553],
			"scale": [0.77913, 0.77913, 0.77913]
		},
		"fixed": {
			"rotation": [-143.33099, 2.70674, 156.35529],
			"translation": [-7.40454, 13.70475, -0.26243],
			"scale": [0.6233, 0.6233, 0.6233]
		}
	}
}