{
	"textures": {
		"0": "item/madoka_bow"
	},
	"elements": [
		{
			"from": [6.71652, 6.71652, 7.19782],
			"to": [9.28348, 9.28348, 8.80218],
			"light_emission": 0,
			"faces": {
				"north": {
					"uv": [0, 1, 4, 5],
					"texture": "#0"
				},
				"east": {
					"uv": [1, 12, 3, 16],
					"texture": "#0"
				},
				"south": {
					"uv": [0, 1, 4, 5],
					"texture": "#0"
				},
				"west": {
					"uv": [1, 12, 3, 16],
					"texture": "#0"
				},
				"up": {
					"uv": [1, 12, 3, 16],
					"rotation": 90,
					"texture": "#0"
				},
				"down": {
					"uv": [1, 12, 3, 16],
					"rotation": 90,
					"texture": "#0"
				}
			}
		}
	],
	"display": {
		"thirdperson_righthand": {
			"rotation": [122.5, -90, 0],
			"translation": [0, -6, 1.25],
			"scale": [0.77913, 0.77913, 0.77913]
		},
		"thirdperson_lefthand": {
			"rotation": [122.5, -90, 0],
			"translation": [0, -6, 1.25],
			"scale": [0.77913, 0.77913, 0.77913]
		},
		"firstperson_righthand": {
			"rotation": [122.5, -90, 0],
			"translation": [-3, 1, 3.25],
			"scale": [0.38956, 0.38956, 0.38956]
		},
		"firstperson_lefthand": {
			"rotation": [57.5, 90, 0],
			"translation": [-3, 5, 3.25],
			"scale": [0.38956, 0.38956, 0.38956]
		},
		"ground": {
			"rotation": [0, 0, -122.5],
			"translation": [-2, 8, -2],
			"scale": [0.38956, 0.38956, 0.38956]
		},
		"gui": {
			"rotation": [180, 0, 102.5],
			"translation": [0, -3.82843, 2],
			"scale": [0.38956, 0.38956, 0.38956]
		},
		"head": {
			"rotation": [-180, 0, 87.5],
			"translation": [2.2141, -20.4641, 4],
			"scale": [0.77913, 0.77913, 0.77913]
		},
		"fixed": {
			"rotation": [0, 0, -77.5],
			"translation": [-1, -3.52548, -0.45],
			"scale": [0.6233, 0.6233, 0.6233]
		}
	}
}