{
	"textures": {
		"0": "item/madoka_bow"
	},
	"elements": [
		{
			"from": [2.86606, 7.35826, 7.35826],
			"to": [13.13394, 8.64174, 8.64174],
			"light_emission": 0,
			"faces": {
				"north": {
					"uv": [1, 5, 3, 16],
					"rotation": 90,
					"texture": "#0"
				},
				"east": {
					"uv": [0, 15, 1, 16],
					"texture": "#0"
				},
				"south": {
					"uv": [1, 5, 3, 16],
					"rotation": 90,
					"texture": "#0"
				},
				"west": {
					"uv": [0, 15, 1, 16],
					"texture": "#0"
				},
				"up": {
					"uv": [1, 5, 3, 16],
					"rotation": 90,
					"texture": "#0"
				},
				"down": {
					"uv": [1, 5, 3, 16],
					"rotation": 90,
					"texture": "#0"
				}
			}
		}
	],
	"display": {
		"thirdperson_righthand": {
			"rotation": [137.5, -55, 0],
			"translation": [-2.17958, 11.31656, 6.95968],
			"scale": [0.77913, 0.77913, 0.77913]
		},
		"thirdperson_lefthand": {
			"rotation": [137.5, -55, 0],
			"translation": [-2.17958, 11.31656, 6.95968],
			"scale": [0.77913, 0.77913, 0.77913]
		},
		"firstperson_righthand": {
			"rotation": [137.5, -55, 0],
			"translation": [-4.08979, 9.65828, 6.10484],
			"scale": [0.38956, 0.38956, 0.38956]
		},
		"firstperson_lefthand": {
			"rotation": [-137.5, 55, 180],
			"translation": [-1.91021, -3.65828, 6.10484],
			"scale": [0.38956, 0.38956, 0.38956]
		},
		"ground": {
			"rotation": [25.31665, -25.01686, -131.79505],
			"translation": [0.85484, 16.65828, -0.91021],
			"scale": [0.38956, 0.38956, 0.38956]
		},
		"gui": {
			"rotation": [145.02563, 1.43364, 87.95169],
			"translation": [4.10365, 4.31258, 0.91021],
			"scale": [0.38956, 0.38956, 0.38956]
		},
		"head": {
			"rotation": [146.26501, 9.93191, 75.51826],
			"translation": [5.92765, -2.61268, 1.82042],
			"scale": [0.77913, 0.77913, 0.77913]
		},
		"fixed": {
			"rotation": [34.97437, -1.43364, -92.04831],
			"translation": [-7.56584, 9.50013, 1.29366],
			"scale": [0.6233, 0.6233, 0.6233]
		}
	}
}