{
	"textures": {
		"0": "item/madoka_bow"
	},
	"elements": [
		{
			"from": [6.71652, 6.71652, 7.67913],
			"to": [9.28348, 9.28348, 8.32087],
			"light_emission": 0,
			"faces": {
				"north": {
					"uv": [8, 8, 16, 16],
					"texture": "#0"
				},
				"east": {
					"uv": [6, 0, 8, 8],
					"texture": "#0"
				},
				"south": {
					"uv": [8, 0, 16, 8],
					"texture": "#0"
				},
				"west": {
					"uv": [4, 0, 6, 8],
					"texture": "#0"
				},
				"up": {
					"uv": [4, 8, 6, 16],
					"rotation": 90,
					"texture": "#0"
				},
				"down": {
					"uv": [6, 8, 8, 16],
					"rotation": 90,
					"texture": "#0"
				}
			}
		}
	],
	"display": {
		"thirdperson_righthand": {
			"rotation": [-77.5, -45, 175],
			"translation": [0.58656, 14.43534, 11.02826],
			"scale": [0.77913, 0.77913, 0.77913]
		},
		"thirdperson_lefthand": {
			"rotation": [-77.5, -45, 175],
			"translation": [0.58656, 14.43534, 11.02826],
			"scale": [0.77913, 0.77913, 0.77913]
		},
		"firstperson_righthand": {
			"rotation": [-77.5, -45, 175],
			"translation": [-2.70672, 11.21767, 8.13913],
			"scale": [0.38956, 0.38956, 0.38956]
		},
		"firstperson_lefthand": {
			"rotation": [77.5, 45, -5],
			"translation": [-3.29328, -5.21767, 8.13913],
			"scale": [0.38956, 0.38956, 0.38956]
		},
		"ground": {
			"rotation": [-44.31281, 8.80348, -103.90929],
			"translation": [2.88913, 18.21767, -2.29328],
			"scale": [0.38956, 0.38956, 0.38956]
		},
		"gui": {
			"rotation": [-139.85601, 22.32923, 109.25045],
			"translation": [3.76785, 6.85369, 2.29328],
			"scale": [0.38956, 0.38956, 0.38956]
		},
		"head": {
			"rotation": [-136.35707, 12.27658, 97.56853],
			"translation": [3.96356, 2.12255, 4.58656],
			"scale": [0.77913, 0.77913, 0.77913]
		},
		"fixed": {
			"rotation": [-40.14399, -22.32923, -70.74955],
			"translation": [-7.02856, 13.56591, -0.91925],
			"scale": [0.6233, 0.6233, 0.6233]
		}
	}
}