{
	"textures": {
		"0": "item/madoka_bow"
	},
	"elements": [
		{
			"from": [6.48485, 6.48485, 7.62121],
			"to": [9.51515, 9.51515, 8.37879],
			"light_emission": 0,
			"faces": {
				"north": {
					"uv": [8, 8, 16, 16],
					"texture": "#0"
				},
				"east": {
					"uv": [6, 0, 8, 8],
					"texture": "#0"
				},
				"south": {
					"uv": [8, 0, 16, 8],
					"texture": "#0"
				},
				"west": {
					"uv": [4, 0, 6, 8],
					"texture": "#0"
				},
				"up": {
					"uv": [4, 8, 6, 16],
					"rotation": 90,
					"texture": "#0"
				},
				"down": {
					"uv": [6, 8, 8, 16],
					"rotation": 90,
					"texture": "#0"
				}
			}
		}
	],
	"display": {
		"thirdperson_righthand": {
			"rotation": [-44.56968, 49.27781, 74.26772],
			"translation": [-0.68663, 11.59118, 13.8085],
			"scale": [0.66, 0.66, 0.66]
		},
		"thirdperson_lefthand": {
			"rotation": [-44.56968, 49.27781, 74.26772],
			"translation": [-0.68663, 11.59118, 13.8085],
			"scale": [0.66, 0.66, 0.66]
		},
		"firstperson_righthand": {
			"rotation": [-44.56968, 49.27781, 74.26772],
			"translation": [-3.34331, 9.79559, 9.52925],
			"scale": [0.33, 0.33, 0.33]
		},
		"firstperson_lefthand": {
			"rotation": [44.56968, -49.27781, -105.73228],
			"translation": [-2.65669, -3.79559, 9.52925],
			"scale": [0.33, 0.33, 0.33]
		},
		"ground": {
			"rotation": [-148.86401, 27.69485, -158.15931],
			"translation": [4.27925, 16.79559, -1.65669],
			"scale": [0.33, 0.33, 0.33]
		},
		"gui": {
			"rotation": [-40.72139, -0.28074, -15.40614],
			"translation": [1.77932, 6.83109, 1.65669],
			"scale": [0.33, 0.33, 0.33]
		},
		"head": {
			"rotation": [-39.68526, -9.99601, -3.91712],
			"translation": [0.13371, 1.04955, 3.31337],
			"scale": [0.66, 0.66, 0.66]
		},
		"fixed": {
			"rotation": [-139.27861, 0.28074, 164.59386],
			"translation": [-3.84691, 13.52975, 0.0993],
			"scale": [0.528, 0.528, 0.528]
		}
	}
}