{
	"textures": {
		"0": "unknown"
	},
	"elements": [
		{
			"from": [6.48485, 6.48485, 7.62121],
			"to": [9.51515, 9.51515, 8.37879],
			"light_emission": 0,
			"faces": {
				"north": {
					"uv": [8, 8, 16, 16],
					"texture": "#0"
				},
				"east": {
					"uv": [6, 0, 8, 8],
					"texture": "#0"
				},
				"south": {
					"uv": [8, 0, 16, 8],
					"texture": "#0"
				},
				"west": {
					"uv": [4, 0, 6, 8],
					"texture": "#0"
				},
				"up": {
					"uv": [4, 8, 6, 16],
					"rotation": 90,
					"texture": "#0"
				},
				"down": {
					"uv": [6, 8, 8, 16],
					"rotation": 90,
					"texture": "#0"
				}
			}
		}
	],
	"display": {
		"thirdperson_righthand": {
			"rotation": [28.85553, -6.68398, -38.40345],
			"translation": [-0.03703, 12.48058, 13.41164],
			"scale": [0.66, 0.66, 0.66]
		},
		"thirdperson_lefthand": {
			"rotation": [28.85553, -6.68398, -38.40345],
			"translation": [-0.03703, 12.48058, 13.41164],
			"scale": [0.66, 0.66, 0.66]
		},
		"firstperson_righthand": {
			"rotation": [28.85553, -6.68398, -38.40345],
			"translation": [-3.01852, 10.24029, 9.33082],
			"scale": [0.33, 0.33, 0.33]
		},
		"firstperson_lefthand": {
			"rotation": [-28.85553, 6.68398, 141.59655],
			"translation": [-2.98148, -4.24029, 9.33082],
			"scale": [0.33, 0.33, 0.33]
		},
		"ground": {
			"rotation": [76.35115, 60.44545, -116.47604],
			"translation": [4.08082, 17.24029, -1.98148],
			"scale": [0.33, 0.33, 0.33]
		},
		"gui": {
			"rotation": [-112.85317, -72.56069, -150.3076],
			"translation": [2.23408, 7.00524, 1.98148],
			"scale": [0.33, 0.33, 0.33]
		},
		"head": {
			"rotation": [-170.32765, -83.21919, 151.33573],
			"translation": [0.9221, 1.62138, 3.96297],
			"scale": [0.66, 0.66, 0.66]
		},
		"fixed": {
			"rotation": [-67.14683, 72.56069, 29.6924],
			"translation": [-4.57453, 13.80838, -0.42038],
			"scale": [0.528, 0.528, 0.528]
		}
	}
}