{
	"textures": {
		"0": "item/madoka_bow"
	},
	"elements": [
		{
			"from": [6.86363, 6.86363, 7.75],
			"to": [9.13637, 9.13637, 8.25],
			"light_emission": 0,
			"faces": {
				"north": {
					"uv": [8, 8, 16, 16],
					"texture": "#0"
				},
				"east": {
					"uv": [6, 0, 8, 8],
					"texture": "#0"
				},
				"south": {
					"uv": [8, 0, 16, 8],
					"texture": "#0"
				},
				"west": {
					"uv": [4, 0, 6, 8],
					"texture": "#0"
				},
				"up": {
					"uv": [4, 8, 6, 16],
					"rotation": 90,
					"texture": "#0"
				},
				"down": {
					"uv": [6, 8, 8, 16],
					"rotation": 90,
					"texture": "#0"
				}
			}
		}
	],
	"display": {
		"thirdperson_righthand": {
			"rotation": [-40.34086, -66.67523, -144.56293],
			"translation": [0.45327, 11.97131, 13.8438],
			"scale": [0.66, 0.66, 0.66]
		},
		"thirdperson_lefthand": {
			"rotation": [-40.34086, -66.67523, -144.56293],
			"translation": [0.45327, 11.97131, 13.8438],
			"scale": [0.66, 0.66, 0.66]
		},
		"firstperson_righthand": {
			"rotation": [-40.34086, -66.67523, -144.56293],
			"translation": [-2.77337, 9.98566, 9.5469],
			"scale": [0.33, 0.33, 0.33]
		},
		"firstperson_lefthand": {
			"rotation": [40.34086, 66.67523, 35.43707],
			"translation": [-3.22663, -3.98566, 9.5469],
			"scale": [0.33, 0.33, 0.33]
		},
		"ground": {
			"rotation": [-15.59536, 17.56515, -101.79802],
			"translation": [4.2969, 16.98566, -2.22663],
			"scale": [0.33, 0.33, 0.33]
		},
		"gui": {
			"rotation": [-156.7441, -1.84304, 121.15721],
			"translation": [1.90124, 6.97797, 2.22663],
			"scale": [0.33, 0.33, 0.33]
		},
		"head": {
			"rotation": [-157.90052, -7.65481, 107.27491],
			"translation": [0.29321, 1.39641, 4.45327],
			"scale": [0.66, 0.66, 0.66]
		},
		"fixed": {
			"rotation": [-23.2559, 1.84304, -58.84279],
			"translation": [-4.04198, 13.76475, -0.81261],
			"scale": [0.528, 0.528, 0.528]
		}
	}
}