{
	"textures": {
		"0": "item/madoka_bow"
	},
	"elements": [
		{
			"from": [6.86363, 6.86363, 7.75],
			"to": [9.13637, 9.13637, 8.25],
			"light_emission": 0,
			"faces": {
				"north": {
					"uv": [8, 8, 16, 16],
					"rotation": 90,
					"texture": "#0"
				},
				"east": {
					"uv": [6, 8, 8, 0],
					"texture": "#0"
				},
				"south": {
					"uv": [8, 0, 16, 8],
					"rotation": 270,
					"texture": "#0"
				},
				"west": {
					"uv": [6, 8, 4, 0],
					"texture": "#0"
				},
				"up": {
					"uv": [8, 8, 6, 16],
					"rotation": 90,
					"texture": "#0"
				},
				"down": {
					"uv": [6, 8, 4, 16],
					"rotation": 90,
					"texture": "#0"
				}
			}
		}
	],
	"display": {
		"thirdperson_righthand": {
			"rotation": [-69.61757, 19.09115, 26.03661],
			"translation": [-0.18357, 11.42225, 13.78601],
			"scale": [0.66, 0.66, 0.66]
		},
		"thirdperson_lefthand": {
			"rotation": [-69.61757, 19.09115, 26.03661],
			"translation": [-0.18357, 11.42225, 13.78601],
			"scale": [0.66, 0.66, 0.66]
		},
		"firstperson_righthand": {
			"rotation": [-69.61757, 19.09115, 26.03661],
			"translation": [-3.09179, 9.71112, 9.518],
			"scale": [0.33, 0.33, 0.33]
		},
		"firstperson_lefthand": {
			"rotation": [69.61757, -19.09115, -153.96339],
			"translation": [-2.90821, -3.71112, 9.518],
			"scale": [0.33, 0.33, 0.33]
		},
		"ground": {
			"rotation": [-110.26544, 19.2159, 122.96538],
			"translation": [4.268, 16.71112, -1.90821],
			"scale": [0.33, 0.33, 0.33]
		},
		"gui": {
			"rotation": [-69.15759, 23.18172, -72.48668],
			"translation": [1.72755, 6.76342, 1.90821],
			"scale": [0.33, 0.33, 0.33]
		},
		"head": {
			"rotation": [-70.65678, 9.08399, -67.13566],
			"translation": [0.06873, 0.89201, 3.81643],
			"scale": [0.66, 0.66, 0.66]
		},
		"fixed": {
			"rotation": [-110.84241, -23.18172, 107.51332],
			"translation": [-3.76408, 13.42146, -0.30314],
			"scale": [0.528, 0.528, 0.528]
		}
	}
}