{
	"textures": {
		"0": "unknown"
	},
	"elements": [
		{
			"from": [6.86363, 6.86363, 7.75],
			"to": [9.13637, 9.13637, 8.25],
			"light_emission": 0,
			"faces": {
				"north": {
					"uv": [8, 8, 16, 16],
					"texture": "#0"
				},
				"east": {
					"uv": [6, 0, 8, 8],
					"texture": "#0"
				},
				"south": {
					"uv": [8, 0, 16, 8],
					"texture": "#0"
				},
				"west": {
					"uv": [4, 0, 6, 8],
					"texture": "#0"
				},
				"up": {
					"uv": [4, 8, 6, 16],
					"rotation": 90,
					"texture": "#0"
				},
				"down": {
					"uv": [6, 8, 8, 16],
					"rotation": 90,
					"texture": "#0"
				}
			}
		}
	],
	"display": {
		"thirdperson_righthand": {
			"rotation": [9.43012, 37.36352, -4.89471],
			"translation": [-0.44793, 12.21998, 13.74365],
			"scale": [0.66, 0.66, 0.66]
		},
		"thirdperson_lefthand": {
			"rotation": [9.43012, 37.36352, -4.89471],
			"translation": [-0.44793, 12.21998, 13.74365],
			"scale": [0.66, 0.66, 0.66]
		},
		"firstperson_righthand": {
			"rotation": [9.43012, 37.36352, -4.89471],
			"translation": [-3.22397, 10.10999, 9.49682],
			"scale": [0.33, 0.33, 0.33]
		},
		"firstperson_lefthand": {
			"rotation": [-9.43012, -37.36352, 175.10529],
			"translation": [-2.77603, -4.10999, 9.49682],
			"scale": [0.33, 0.33, 0.33]
		},
		"ground": {
			"rotation": [167.88896, 51.63386, -169.58871],
			"translation": [4.24682, 17.10999, -1.77603],
			"scale": [0.33, 0.33, 0.33]
		},
		"gui": {
			"rotation": [-37.30127, -40.27798, -54.57647],
			"translation": [2.02457, 7.03048, 1.77603],
			"scale": [0.33, 0.33, 0.33]
		},
		"head": {
			"rotation": [-24.70966, -48.08427, -36.62647],
			"translation": [0.50428, 1.56169, 3.55207],
			"scale": [0.66, 0.66, 0.66]
		},
		"fixed": {
			"rotation": [-142.69873, 40.27798, 125.42353],
			"translation": [-4.23931, 13.84877, -0.09166],
			"scale": [0.528, 0.528, 0.528]
		}
	}
}