{
	"textures": {
		"0": "item/madoka_bow"
	},
	"elements": [
		{
			"from": [7.24242, 7.24242, 7.81061],
			"to": [8.75758, 8.75758, 8.18939],
			"light_emission": 0,
			"faces": {
				"north": {
					"uv": [8, 8, 16, 16],
					"texture": "#0"
				},
				"east": {
					"uv": [6, 0, 8, 8],
					"texture": "#0"
				},
				"south": {
					"uv": [8, 0, 16, 8],
					"texture": "#0"
				},
				"west": {
					"uv": [4, 0, 6, 8],
					"texture": "#0"
				},
				"up": {
					"uv": [4, 8, 6, 16],
					"rotation": 90,
					"texture": "#0"
				},
				"down": {
					"uv": [6, 8, 8, 16],
					"rotation": 90,
					"texture": "#0"
				}
			}
		}
	],
	"display": {
		"thirdperson_righthand": {
			"rotation": [46.36002, -12.26005, -38.4362],
			"translation": [0.1176, 12.41127, 13.84443],
			"scale": [0.66, 0.66, 0.66]
		},
		"thirdperson_lefthand": {
			"rotation": [46.36002, -12.26005, -38.4362],
			"translation": [0.1176, 12.41127, 13.84443],
			"scale": [0.66, 0.66, 0.66]
		},
		"firstperson_righthand": {
			"rotation": [46.36002, -12.26005, -38.4362],
			"translation": [-2.9412, 10.20564, 9.54722],
			"scale": [0.33, 0.33, 0.33]
		},
		"firstperson_lefthand": {
			"rotation": [-46.36002, 12.26005, 141.5638],
			"translation": [-3.0588, -4.20564, 9.54722],
			"scale": [0.33, 0.33, 0.33]
		},
		"ground": {
			"rotation": [73.28638, 42.40646, -116.98859],
			"translation": [4.29722, 17.20564, -2.0588],
			"scale": [0.33, 0.33, 0.33]
		},
		"gui": {
			"rotation": [173.76674, -77.66589, 135.18447],
			"translation": [2.05656, 7.13374, 2.0588],
			"scale": [0.33, 0.33, 0.33]
		},
		"head": {
			"rotation": [127.64957, -69.65696, 87.44442],
			"translation": [0.51264, 1.77774, 4.1176],
			"scale": [0.66, 0.66, 0.66]
		},
		"fixed": {
			"rotation": [6.23326, 77.66589, -44.81553],
			"translation": [-4.2905, 14.01399, -0.54408],
			"scale": [0.528, 0.528, 0.528]
		}
	}
}