{
	"textures": {
		"0": "unknown"
	},
	"elements": [
		{
			"from": [7.24242, 7.24242, 7.81061],
			"to": [8.75758, 8.75758, 8.18939],
			"light_emission": 0,
			"faces": {
				"north": {
					"uv": [8, 8, 16, 16],
					"texture": "#0"
				},
				"east": {
					"uv": [6, 0, 8, 8],
					"texture": "#0"
				},
				"south": {
					"uv": [8, 0, 16, 8],
					"texture": "#0"
				},
				"west": {
					"uv": [4, 0, 6, 8],
					"texture": "#0"
				},
				"up": {
					"uv": [4, 8, 6, 16],
					"rotation": 90,
					"texture": "#0"
				},
				"down": {
					"uv": [6, 8, 8, 16],
					"rotation": 90,
					"texture": "#0"
				}
			}
		}
	],
	"display": {
		"thirdperson_righthand": {
			"rotation": [-66.21839, -33.07917, 150.38933],
			"translation": [0.10466, 11.93102, 13.90597],
			"scale": [0.66, 0.66, 0.66]
		},
		"thirdperson_lefthand": {
			"rotation": [-66.21839, -33.07917, 150.38933],
			"translation": [0.10466, 11.93102, 13.90597],
			"scale": [0.66, 0.66, 0.66]
		},
		"firstperson_righthand": {
			"rotation": [-66.21839, -33.07917, 150.38933],
			"translation": [-2.94767, 9.96551, 9.57799],
			"scale": [0.33, 0.33, 0.33]
		},
		"firstperson_lefthand": {
			"rotation": [66.21839, 33.07917, -29.61067],
			"translation": [-3.05233, -3.96551, 9.57799],
			"scale": [0.33, 0.33, 0.33]
		},
		"ground": {
			"rotation": [-54.55618, 19.74846, -133.13436],
			"translation": [4.32799, 16.96551, -2.05233],
			"scale": [0.33, 0.33, 0.33]
		},
		"gui": {
			"rotation": [-124.94367, 17.65364, 72.35347],
			"translation": [1.86501, 6.98571, 2.05233],
			"scale": [0.33, 0.33, 0.33]
		},
		"head": {
			"rotation": [-123.23399, 5.20744, 63.7927],
			"translation": [0.21922, 1.39261, 4.10466],
			"scale": [0.66, 0.66, 0.66]
		},
		"fixed": {
			"rotation": [-55.05633, -17.65364, -107.64653],
			"translation": [-3.98402, 13.77713, -0.53373],
			"scale": [0.528, 0.528, 0.528]
		}
	}
}