{
	"textures": {
		"0": "item/madoka_bow"
	},
	"elements": [
		{
			"from": [7.24242, 7.24242, 7.81061],
			"to": [8.75758, 8.75758, 8.18939],
			"light_emission": 0,
			"faces": {
				"north": {
					"uv": [8, 8, 16, 16],
					"texture": "#0"
				},
				"east": {
					"uv": [6, 0, 8, 8],
					"texture": "#0"
				},
				"south": {
					"uv": [8, 0, 16, 8],
					"texture": "#0"
				},
				"west": {
					"uv": [4, 0, 6, 8],
					"texture": "#0"
				},
				"up": {
					"uv": [4, 8, 6, 16],
					"rotation": 90,
					"texture": "#0"
				},
				"down": {
					"uv": [6, 8, 8, 16],
					"rotation": 90,
					"texture": "#0"
				}
			}
		}
	],
	"display": {
		"thirdperson_righthand": {
			"rotation": [-25.47362, 53.24522, 62.72603],
			"translation": [-0.23447, 11.97461, 13.82889],
			"scale": [0.66, 0.66, 0.66]
		},
		"thirdperson_lefthand": {
			"rotation": [-25.47362, 53.24522, 62.72603],
			"translation": [-0.23447, 11.97461, 13.82889],
			"scale": [0.66, 0.66, 0.66]
		},
		"firstperson_righthand": {
			"rotation": [-25.47362, 53.24522, 62.72603],
			"translation": [-3.11723, 9.9873, 9.53944],
			"scale": [0.33, 0.33, 0.33]
		},
		"firstperson_lefthand": {
			"rotation": [25.47362, -53.24522, -117.27397],
			"translation": [-2.88277, -3.9873, 9.53944],
			"scale": [0.33, 0.33, 0.33]
		},
		"ground": {
			"rotation": [-162.19177, 32.69847, -148.01045],
			"translation": [4.28944, 16.9873, -1.88277],
			"scale": [0.33, 0.33, 0.33]
		},
		"gui": {
			"rotation": [-35.14215, -11.53736, -11.41219],
			"translation": [1.90768, 6.97386, 1.88277],
			"scale": [0.33, 0.33, 0.33]
		},
		"head": {
			"rotation": [-31.60467, -19.82569, 1.58939],
			"translation": [0.30777, 1.39181, 3.76553],
			"scale": [0.66, 0.66, 0.66]
		},
		"fixed": {
			"rotation": [-144.85785, 11.53736, 168.58781],
			"translation": [-4.05228, 13.75818, -0.26243],
			"scale": [0.528, 0.528, 0.528]
		}
	}
}