{
	"textures": {
		"0": "unknown"
	},
	"elements": [
		{
			"from": [6.65539, 6.65539, 7.15962],
			"to": [9.34461, 9.34461, 8.84038],
			"light_emission": 0,
			"faces": {
				"north": {
					"uv": [0, 1, 4, 5],
					"rotation": 270,
					"texture": "#0"
				},
				"east": {
					"uv": [1, 12, 3, 16],
					"texture": "#0"
				},
				"south": {
					"uv": [0, 1, 4, 5],
					"rotation": 270,
					"texture": "#0"
				},
				"west": {
					"uv": [1, 12, 3, 16],
					"texture": "#0"
				},
				"up": {
					"uv": [1, 12, 3, 16],
					"rotation": 90,
					"texture": "#0"
				},
				"down": {
					"uv": [1, 12, 3, 16],
					"rotation": 90,
					"texture": "#0"
				}
			}
		}
	],
	"display": {
		"thirdperson_righthand": {
			"rotation": [62.5, -90, 0],
			"translation": [0, 2, 1.25],
			"scale": [0.74371, 0.74371, 0.74371]
		},
		"thirdperson_lefthand": {
			"rotation": [62.5, -90, 0],
			"translation": [0, 2, 1.25],
			"scale": [0.74371, 0.74371, 0.74371]
		},
		"firstperson_righthand": {
			"rotation": [62.5, -90, 0],
			"translation": [-3, 5, 3.25],
			"scale": [0.37185, 0.37185, 0.37185]
		},
		"firstperson_lefthand": {
			"rotation": [117.5, 90, 0],
			"translation": [-3, 1, 3.25],
			"scale": [0.37185, 0.37185, 0.37185]
		},
		"ground": {
			"rotation": [0, 0, -62.5],
			"translation": [-2, 12, -2],
			"scale": [0.37185, 0.37185, 0.37185]
		},
		"gui": {
			"rotation": [180, 0, 162.5],
			"translation": [2.82843, -1, 2],
			"scale": [0.37185, 0.37185, 0.37185]
		},
		"head": {
			"rotation": [180, 0, 147.5],
			"translation": [6.2141, -13.5359, 4],
			"scale": [0.74371, 0.74371, 0.74371]
		},
		"fixed": {
			"rotation": [0, 0, -17.5],
			"translation": [-5.52548, 1, -0.45],
			"scale": [0.59497, 0.59497, 0.59497]
		}
	}
}