{
	"textures": {
		"0": "item/madoka_bow"
	},
	"elements": [
		{
			"from": [6.65539, 6.65539, 7.66385],
			"to": [9.34461, 9.34461, 8.33615],
			"light_emission": 0,
			"faces": {
				"north": {
					"uv": [8, 8, 16, 16],
					"texture": "#0"
				},
				"east": {
					"uv": [6, 0, 8, 8],
					"texture": "#0"
				},
				"south": {
					"uv": [8, 0, 16, 8],
					"texture": "#0"
				},
				"west": {
					"uv": [4, 0, 6, 8],
					"texture": "#0"
				},
				"up": {
					"uv": [4, 8, 6, 16],
					"rotation": 90,
					"texture": "#0"
				},
				"down": {
					"uv": [6, 8, 8, 16],
					"rotation": 90,
					"texture": "#0"
				}
			}
		}
	],
	"display": {
		"thirdperson_righthand": {
			"rotation": [-54.56968, 49.27781, 74.26772],
			"translation": [-0.68663, 13.62623, 11.95221],
			"scale": [0.74371, 0.74371, 0.74371]
		},
		"thirdperson_lefthand": {
			"rotation": [-54.56968, 49.27781, 74.26772],
			"translation": [-0.68663, 13.62623, 11.95221],
			"scale": [0.74371, 0.74371, 0.74371]
		},
		"firstperson_righthand": {
			"rotation": [-54.56968, 49.27781, 74.26772],
			"translation": [-3.34331, 10.81311, 8.60111],
			"scale": [0.37185, 0.37185, 0.37185]
		},
		"firstperson_lefthand": {
			"rotation": [54.56968, -49.27781, -105.73228],
			"translation": [-2.65669, -4.81311, 8.60111],
			"scale": [0.37185, 0.37185, 0.37185]
		},
		"ground": {
			"rotation": [-144.95395, 22.22222, -167.39862],
			"translation": [3.35111, 17.81311, -1.65669],
			"scale": [0.37185, 0.37185, 0.37185]
		},
		"gui": {
			"rotation": [-40.32562, 6.22644, -23.01371],
			"translation": [3.15511, 6.89429, 1.65669],
			"scale": [0.37185, 0.37185, 0.37185]
		},
		"head": {
			"rotation": [-40.59481, -3.53965, -11.61149],
			"translation": [2.75883, 1.88381, 3.31337],
			"scale": [0.74371, 0.74371, 0.74371]
		},
		"fixed": {
			"rotation": [-139.67438, -6.22644, 156.98629],
			"translation": [-6.04818, 13.63087, 0.0993],
			"scale": [0.59497, 0.59497, 0.59497]
		}
	}
}