{
	"textures": {
		"0": "item/madoka_bow"
	},
	"elements": [
		{
			"from": [6.65539, 6.65539, 7.66385],
			"to": [9.34461, 9.34461, 8.33615],
			"light_emission": 0,
			"faces": {
				"north": {
					"uv": [8, 8, 16, 16],
					"texture": "#0"
				},
				"east": {
					"uv": [6, 0, 8, 8],
					"texture": "#0"
				},
				"south": {
					"uv": [8, 0, 16, 8],
					"texture": "#0"
				},
				"west": {
					"uv": [4, 0, 6, 8],
					"texture": "#0"
				},
				"up": {
					"uv": [4, 8, 6, 16],
					"rotation": 90,
					"texture": "#0"
				},
				"down": {
					"uv": [6, 8, 8, 16],
					"rotation": 90,
					"texture": "#0"
				}
			}
		}
	],
	"display": {
		"thirdperson_righthand": {
			"rotation": [18.85553, -6.68398, -38.40345],
			"translation": [-0.03703, 14.43321, 11.40694],
			"scale": [0.74371, 0.74371, 0.74371]
		},
		"thirdperson_lefthand": {
			"rotation": [18.85553, -6.68398, -38.40345],
			"translation": [-0.03703, 14.43321, 11.40694],
			"scale": [0.74371, 0.74371, 0.74371]
		},
		"firstperson_righthand": {
			"rotation": [18.85553, -6.68398, -38.40345],
			"translation": [-3.01852, 11.2166, 8.32847],
			"scale": [0.37185, 0.37185, 0.37185]
		},
		"firstperson_lefthand": {
			"rotation": [-18.85553, 6.68398, 141.59655],
			"translation": [-2.98148, -5.2166, 8.32847],
			"scale": [0.37185, 0.37185, 0.37185]
		},
		"ground": {
			"rotation": [70.06884, 70.03551, -109.58337],
			"translation": [3.07847, 18.2166, -1.98148],
			"scale": [0.37185, 0.37185, 0.37185]
		},
		"gui": {
			"rotation": [-104.89336, -63.07304, -141.74315],
			"translation": [3.63321, 6.98683, 1.98148],
			"scale": [0.37185, 0.37185, 0.37185]
		},
		"head": {
			"rotation": [-121.22881, -77.02659, -158.97943],
			"translation": [3.63453, 2.31005, 3.96297],
			"scale": [0.74371, 0.74371, 0.74371]
		},
		"fixed": {
			"rotation": [-75.10664, 63.07304, 38.25685],
			"translation": [-6.81313, 13.77892, -0.42038],
			"scale": [0.59497, 0.59497, 0.59497]
		}
	}
}