{
	"textures": {
		"0": "unknown"
	},
	"elements": [
		{
			"from": [6.99154, 6.99154, 7.77814],
			"to": [9.00846, 9.00846, 8.22186],
			"light_emission": 0,
			"faces": {
				"north": {
					"uv": [8, 8, 16, 16],
					"texture": "#0"
				},
				"east": {
					"uv": [6, 0, 8, 8],
					"texture": "#0"
				},
				"south": {
					"uv": [8, 0, 16, 8],
					"texture": "#0"
				},
				"west": {
					"uv": [4, 0, 6, 8],
					"texture": "#0"
				},
				"up": {
					"uv": [4, 8, 6, 16],
					"rotation": 90,
					"texture": "#0"
				},
				"down": {
					"uv": [6, 8, 8, 16],
					"rotation": 90,
					"texture": "#0"
				}
			}
		}
	],
	"display": {
		"thirdperson_righthand": {
			"rotation": [-50.34086, -66.67523, -144.56293],
			"translation": [0.45327, 14.00671, 11.92097],
			"scale": [0.74371, 0.74371, 0.74371]
		},
		"thirdperson_lefthand": {
			"rotation": [-50.34086, -66.67523, -144.56293],
			"translation": [0.45327, 14.00671, 11.92097],
			"scale": [0.74371, 0.74371, 0.74371]
		},
		"firstperson_righthand": {
			"rotation": [-50.34086, -66.67523, -144.56293],
			"translation": [-2.77337, 11.00336, 8.58549],
			"scale": [0.37185, 0.37185, 0.37185]
		},
		"firstperson_lefthand": {
			"rotation": [50.34086, 66.67523, 35.43707],
			"translation": [-3.22663, -5.00336, 8.58549],
			"scale": [0.37185, 0.37185, 0.37185]
		},
		"ground": {
			"rotation": [-18.36341, 14.63723, -91.84355],
			"translation": [3.33549, 18.00336, -2.22663],
			"scale": [0.37185, 0.37185, 0.37185]
		},
		"gui": {
			"rotation": [-156.76573, 2.11209, 130.34367],
			"translation": [3.30068, 7.01777, 2.22663],
			"scale": [0.37185, 0.37185, 0.37185]
		},
		"head": {
			"rotation": [-156.97121, -3.80918, 116.55418],
			"translation": [2.97613, 2.19771, 4.45327],
			"scale": [0.74371, 0.74371, 0.74371]
		},
		"fixed": {
			"rotation": [-23.23427, -2.11209, -49.65633],
			"translation": [-6.28109, 13.82844, -0.81261],
			"scale": [0.59497, 0.59497, 0.59497]
		}
	}
}