{
	"textures": {
		"0": "unknown"
	},
	"elements": [
		{
			"from": [6.99154, 6.99154, 7.77814],
			"to": [9.00846, 9.00846, 8.22186],
			"light_emission": 0,
			"faces": {
				"north": {
					"uv": [8, 8, 16, 16],
					"rotation": 90,
					"texture": "#0"
				},
				"east": {
					"uv": [6, 8, 8, 0],
					"texture": "#0"
				},
				"south": {
					"uv": [8, 0, 16, 8],
					"rotation": 270,
					"texture": "#0"
				},
				"west": {
					"uv": [6, 8, 4, 0],
					"texture": "#0"
				},
				"up": {
					"uv": [8, 8, 6, 16],
					"rotation": 90,
					"texture": "#0"
				},
				"down": {
					"uv": [6, 8, 4, 16],
					"rotation": 90,
					"texture": "#0"
				}
			}
		}
	],
	"display": {
		"thirdperson_righthand": {
			"rotation": [-79.61757, 19.09115, 26.03661],
			"translation": [-0.18357, 13.45596, 11.9594],
			"scale": [0.74371, 0.74371, 0.74371]
		},
		"thirdperson_lefthand": {
			"rotation": [-79.61757, 19.09115, 26.03661],
			"translation": [-0.18357, 13.45596, 11.9594],
			"scale": [0.74371, 0.74371, 0.74371]
		},
		"firstperson_righthand": {
			"rotation": [-79.61757, 19.09115, 26.03661],
			"translation": [-3.09179, 10.72798, 8.6047],
			"scale": [0.37185, 0.37185, 0.37185]
		},
		"firstperson_lefthand": {
			"rotation": [79.61757, -19.09115, -153.96339],
			"translation": [-2.90821, -4.72798, 8.6047],
			"scale": [0.37185, 0.37185, 0.37185]
		},
		"ground": {
			"rotation": [-109.38541, 9.80558, 119.46598],
			"translation": [3.3547, 17.72798, -1.90821],
			"scale": [0.37185, 0.37185, 0.37185]
		},
		"gui": {
			"rotation": [-67.19014, 32.4695, -76.68629],
			"translation": [3.09237, 6.83664, 1.90821],
			"scale": [0.37185, 0.37185, 0.37185]
		},
		"head": {
			"rotation": [-69.82485, 18.49818, -70.61281],
			"translation": [2.66747, 1.73995, 3.81643],
			"scale": [0.74371, 0.74371, 0.74371]
		},
		"fixed": {
			"rotation": [-112.80986, -32.4695, 103.31371],
			"translation": [-5.9478, 13.53862, -0.30314],
			"scale": [0.59497, 0.59497, 0.59497]
		}
	}
}