{
	"textures": {
		"0": "item/madoka_bow"
	},
	"elements": [
		{
			"from": [6.99154, 6.99154, 7.77814],
			"to": [9.00846, 9.00846, 8.22186],
			"light_emission": 0,
			"faces": {
				"north": {
					"uv": [8, 8, 16, 16],
					"texture": "#0"
				},
				"east": {
					"uv": [6, 0, 8, 8],
					"texture": "#0"
				},
				"south": {
					"uv": [8, 0, 16, 8],
					"texture": "#0"
				},
				"west": {
					"uv": [4, 0, 6, 8],
					"texture": "#0"
				},
				"up": {
					"uv": [4, 8, 6, 16],
					"rotation": 90,
					"texture": "#0"
				},
				"down": {
					"uv": [6, 8, 8, 16],
					"rotation": 90,
					"texture": "#0"
				}
			}
		}
	],
	"display": {
		"thirdperson_righthand": {
			"rotation": [-0.56988, 37.36352, -4.89471],
			"translation": [-0.44793, 14.23422, 11.77916],
			"scale": [0.74371, 0.74371, 0.74371]
		},
		"thirdperson_lefthand": {
			"rotation": [-0.56988, 37.36352, -4.89471],
			"translation": [-0.44793, 14.23422, 11.77916],
			"scale": [0.74371, 0.74371, 0.74371]
		},
		"firstperson_righthand": {
			"rotation": [-0.56988, 37.36352, -4.89471],
			"translation": [-3.22397, 11.11711, 8.51458],
			"scale": [0.37185, 0.37185, 0.37185]
		},
		"firstperson_lefthand": {
			"rotation": [0.56988, -37.36352, 175.10529],
			"translation": [-2.77603, -5.11711, 8.51458],
			"scale": [0.37185, 0.37185, 0.37185]
		},
		"ground": {
			"rotation": [-179.2537, 52.63277, 174.1663],
			"translation": [3.26458, 18.11711, -1.77603],
			"scale": [0.37185, 0.37185, 0.37185]
		},
		"gui": {
			"rotation": [-43.08351, -33.80663, -64.14561],
			"translation": [3.43126, 7.04807, 1.77603],
			"scale": [0.37185, 0.37185, 0.37185]
		},
		"head": {
			"rotation": [-33.66699, -43.18305, -49.1206],
			"translation": [3.21269, 2.32383, 3.55207],
			"scale": [0.74371, 0.74371, 0.74371]
		},
		"fixed": {
			"rotation": [-136.91649, 33.80663, 115.85439],
			"translation": [-6.49001, 13.87691, -0.09166],
			"scale": [0.59497, 0.59497, 0.59497]
		}
	}
}