{
	"textures": {
		"0": "item/madoka_bow"
	},
	"elements": [
		{
			"from": [7.32769, 7.32769, 7.83192],
			"to": [8.67231, 8.67231, 8.16808],
			"light_emission": 0,
			"faces": {
				"north": {
					"uv": [8, 8, 16, 16],
					"texture": "#0"
				},
				"east": {
					"uv": [6, 0, 8, 8],
					"texture": "#0"
				},
				"south": {
					"uv": [8, 0, 16, 8],
					"texture": "#0"
				},
				"west": {
					"uv": [4, 0, 6, 8],
					"texture": "#0"
				},
				"up": {
					"uv": [4, 8, 6, 16],
					"rotation": 90,
					"texture": "#0"
				},
				"down": {
					"uv": [6, 8, 8, 16],
					"rotation": 90,
					"texture": "#0"
				}
			}
		}
	],
	"display": {
		"thirdperson_righthand": {
			"rotation": [36.36002, -12.26005, -38.4362],
			"translation": [0.1176, 14.4401, 11.8452],
			"scale": [0.74371, 0.74371, 0.74371]
		},
		"thirdperson_lefthand": {
			"rotation": [36.36002, -12.26005, -38.4362],
			"translation": [0.1176, 14.4401, 11.8452],
			"scale": [0.74371, 0.74371, 0.74371]
		},
		"firstperson_righthand": {
			"rotation": [36.36002, -12.26005, -38.4362],
			"translation": [-2.9412, 11.22005, 8.5476],
			"scale": [0.37185, 0.37185, 0.37185]
		},
		"firstperson_lefthand": {
			"rotation": [-36.36002, 12.26005, 141.5638],
			"translation": [-3.0588, -5.22005, 8.5476],
			"scale": [0.37185, 0.37185, 0.37185]
		},
		"ground": {
			"rotation": [69.87016, 51.90063, -112.34628],
			"translation": [3.2976, 18.22005, -2.0588],
			"scale": [0.37185, 0.37185, 0.37185]
		},
		"gui": {
			"rotation": [-145.34348, -75.03959, 177.15],
			"translation": [3.4807, 7.14421, 2.0588],
			"scale": [0.37185, 0.37185, 0.37185]
		},
		"head": {
			"rotation": [152.98892, -76.21091, 113.86897],
			"translation": [3.25844, 2.53514, 4.1176],
			"scale": [0.74371, 0.74371, 0.74371]
		},
		"fixed": {
			"rotation": [-34.65652, 75.03959, -2.85],
			"translation": [-6.56912, 14.03073, -0.54408],
			"scale": [0.59497, 0.59497, 0.59497]
		}
	}
}