{
	"textures": {
		"0": "unknown"
	},
	"elements": [
		{
			"from": [7.32769, 7.32769, 7.83192],
			"to": [8.67231, 8.67231, 8.16808],
			"light_emission": 0,
			"faces": {
				"north": {
					"uv": [8, 8, 16, 16],
					"texture": "#0"
				},
				"east": {
					"uv": [6, 0, 8, 8],
					"texture": "#0"
				},
				"south": {
					"uv": [8, 0, 16, 8],
					"texture": "#0"
				},
				"west": {
					"uv": [4, 0, 6, 8],
					"texture": "#0"
				},
				"up": {
					"uv": [4, 8, 6, 16],
					"rotation": 90,
					"texture": "#0"
				},
				"down": {
					"uv": [6, 8, 8, 16],
					"rotation": 90,
					"texture": "#0"
				}
			}
		}
	],
	"display": {
		"thirdperson_righthand": {
			"rotation": [-76.21839, -33.07917, 150.38933],
			"translation": [0.10466, 13.97784, 11.98919],
			"scale": [0.74371, 0.74371, 0.74371]
		},
		"thirdperson_lefthand": {
			"rotation": [-76.21839, -33.07917, 150.38933],
			"translation": [0.10466, 13.97784, 11.98919],
			"scale": [0.74371, 0.74371, 0.74371]
		},
		"firstperson_righthand": {
			"rotation": [-76.21839, -33.07917, 150.38933],
			"translation": [-2.94767, 10.98892, 8.6196],
			"scale": [0.37185, 0.37185, 0.37185]
		},
		"firstperson_lefthand": {
			"rotation": [76.21839, 33.07917, -29.61067],
			"translation": [-3.05233, -4.98892, 8.6196],
			"scale": [0.37185, 0.37185, 0.37185]
		},
		"ground": {
			"rotation": [-56.15094, 11.51416, -127.2358],
			"translation": [3.3696, 17.98892, -2.05233],
			"scale": [0.37185, 0.37185, 0.37185]
		},
		"gui": {
			"rotation": [-127.29524, 25.74036, 78.69283],
			"translation": [3.26635, 7.03168, 2.05233],
			"scale": [0.37185, 0.37185, 0.37185]
		},
		"head": {
			"rotation": [-124.1518, 13.53443, 69.41026],
			"translation": [2.9026, 2.20681, 4.10466],
			"scale": [0.74371, 0.74371, 0.74371]
		},
		"fixed": {
			"rotation": [-52.70476, -25.74036, -101.30717],
			"translation": [-6.22617, 13.85069, -0.53373],
			"scale": [0.59497, 0.59497, 0.59497]
		}
	}
}