{
	"textures": {
		"0": "unknown"
	},
	"elements": [
		{
			"from": [7.32769, 7.32769, 7.83192],
			"to": [8.67231, 8.67231, 8.16808],
			"light_emission": 0,
			"faces": {
				"north": {
					"uv": [8, 8, 16, 16],
					"texture": "#0"
				},
				"east": {
					"uv": [6, 0, 8, 8],
					"texture": "#0"
				},
				"south": {
					"uv": [8, 0, 16, 8],
					"texture": "#0"
				},
				"west": {
					"uv": [4, 0, 6, 8],
					"texture": "#0"
				},
				"up": {
					"uv": [4, 8, 6, 16],
					"rotation": 90,
					"texture": "#0"
				},
				"down": {
					"uv": [6, 8, 8, 16],
					"rotation": 90,
					"texture": "#0"
				}
			}
		}
	],
	"display": {
		"thirdperson_righthand": {
			"rotation": [-35.47362, 53.24522, 62.72603],
			"translation": [-0.23447, 14.00737, 11.90571],
			"scale": [0.74371, 0.74371, 0.74371]
		},
		"thirdperson_lefthand": {
			"rotation": [-35.47362, 53.24522, 62.72603],
			"translation": [-0.23447, 14.00737, 11.90571],
			"scale": [0.74371, 0.74371, 0.74371]
		},
		"firstperson_righthand": {
			"rotation": [-35.47362, 53.24522, 62.72603],
			"translation": [-3.11723, 11.00369, 8.57786],
			"scale": [0.37185, 0.37185, 0.37185]
		},
		"firstperson_lefthand": {
			"rotation": [35.47362, -53.24522, -117.27397],
			"translation": [-2.88277, -5.00369, 8.57786],
			"scale": [0.37185, 0.37185, 0.37185]
		},
		"ground": {
			"rotation": [-156.56679, 29.16457, -158.92417],
			"translation": [3.32786, 18.00369, -1.88277],
			"scale": [0.37185, 0.37185, 0.37185]
		},
		"gui": {
			"rotation": [-36.37409, -5.68359, -19.6162],
			"translation": [3.30631, 7.01261, 1.88277],
			"scale": [0.37185, 0.37185, 0.37185]
		},
		"head": {
			"rotation": [-34.19516, -14.38283, -7.1928],
			"translation": [2.98967, 2.19065, 3.76553],
			"scale": [0.74371, 0.74371, 0.74371]
		},
		"fixed": {
			"rotation": [-143.62591, 5.68359, 160.3838],
			"translation": [-6.2901, 13.82018, -0.26243],
			"scale": [0.59497, 0.59497, 0.59497]
		}
	}
}