{
	"textures": {
		"0": "item/madoka_bow"
	},
	"elements": [
		{
			"from": [2.62156, 7.32769, 7.32769],
			"to": [13.37844, 8.67231, 8.67231],
			"light_emission": 0,
			"faces": {
				"north": {
					"uv": [1, 5, 3, 16],
					"rotation": 90,
					"texture": "#0"
				},
				"east": {
					"uv": [0, 15, 1, 16],
					"texture": "#0"
				},
				"south": {
					"uv": [1, 5, 3, 16],
					"rotation": 90,
					"texture": "#0"
				},
				"west": {
					"uv": [0, 15, 1, 16],
					"texture": "#0"
				},
				"up": {
					"uv": [1, 5, 3, 16],
					"rotation": 90,
					"texture": "#0"
				},
				"down": {
					"uv": [1, 5, 3, 16],
					"rotation": 90,
					"texture": "#0"
				}
			}
		}
	],
	"display": {
		"thirdperson_righthand": {
			"rotation": [120, -90, 0],
			"translation": [0, 5.4641, 3.25],
			"scale": [0.74371, 0.74371, 0.74371]
		},
		"thirdperson_lefthand": {
			"rotation": [120, -90, 0],
			"translation": [0, 5.4641, 3.25],
			"scale": [0.74371, 0.74371, 0.74371]
		},
		"firstperson_righthand": {
			"rotation": [120, -90, 0],
			"translation": [-3, 6.73205, 4.25],
			"scale": [0.37185, 0.37185, 0.37185]
		},
		"firstperson_lefthand": {
			"rotation": [60, 90, 0],
			"translation": [-3, -0.73205, 4.25],
			"scale": [0.37185, 0.37185, 0.37185]
		},
		"ground": {
			"rotation": [0, 0, -120],
			"translation": [-1, 13.73205, -2],
			"scale": [0.37185, 0.37185, 0.37185]
		},
		"gui": {
			"rotation": [-180, 0, 105],
			"translation": [3.34607, 0.93185, 2],
			"scale": [0.37185, 0.37185, 0.37185]
		},
		"head": {
			"rotation": [-180, 0, 90],
			"translation": [6.2141, -9.5359, 4],
			"scale": [0.74371, 0.74371, 0.74371]
		},
		"fixed": {
			"rotation": [0, 0, -75],
			"translation": [-6.3537, 4.09096, -0.45],
			"scale": [0.59497, 0.59497, 0.59497]
		}
	}
}