{
	"textures": {
		"0": "item/madoka_bow"
	},
	"elements": [
		{
			"from": [2.62156, 7.32769, 7.32769],
			"to": [13.37844, 8.67231, 8.67231],
			"light_emission": 0,
			"faces": {
				"north": {
					"uv": [1, 5, 3, 16],
					"rotation": 90,
					"texture": "#0"
				},
				"east": {
					"uv": [0, 15, 1, 16],
					"texture": "#0"
				},
				"south": {
					"uv": [1, 5, 3, 16],
					"rotation": 90,
					"texture": "#0"
				},
				"west": {
					"uv": [0, 15, 1, 16],
					"texture": "#0"
				},
				"up": {
					"uv": [1, 5, 3, 16],
					"rotation": 90,
					"texture": "#0"
				},
				"down": {
					"uv": [1, 5, 3, 16],
					"rotation": 90,
					"texture": "#0"
				}
			}
		}
	],
	"display": {
		"thirdperson_righthand": {
			"rotation": [60, -90, 0],
			"translation": [0, -9.4641, 3.25],
			"scale": [0.74371, 0.74371, 0.74371]
		},
		"thirdperson_lefthand": {
			"rotation": [60, -90, 0],
			"translation": [0, -9.4641, 3.25],
			"scale": [0.74371, 0.74371, 0.74371]
		},
		"firstperson_righthand": {
			"rotation": [60, -90, 0],
			"translation": [-3, -0.73205, 4.25],
			"scale": [0.37185, 0.37185, 0.37185]
		},
		"firstperson_lefthand": {
			"rotation": [120, 90, 0],
			"translation": [-3, 6.73205, 4.25],
			"scale": [0.37185, 0.37185, 0.37185]
		},
		"ground": {
			"rotation": [0, 0, -60],
			"translation": [-1, 6.26795, -2],
			"scale": [0.37185, 0.37185, 0.37185]
		},
		"gui": {
			"rotation": [180, 0, 165],
			"translation": [-1.93185, -4.34607, 2],
			"scale": [0.37185, 0.37185, 0.37185]
		},
		"head": {
			"rotation": [180, 0, 150],
			"translation": [-1.25, -22.4641, 4],
			"scale": [0.74371, 0.74371, 0.74371]
		},
		"fixed": {
			"rotation": [0, 0, -15],
			"translation": [2.09096, -4.3537, -0.45],
			"scale": [0.59497, 0.59497, 0.59497]
		}
	}
}