{
	"textures": {
		"0": "item/madoka_bow"
	},
	"elements": [
		{
			"from": [2.62156, 7.32769, 7.32769],
			"to": [13.37844, 8.67231, 8.67231],
			"light_emission": 0,
			"faces": {
				"north": {
					"uv": [1, 5, 3, 16],
					"rotation": 90,
					"texture": "#0"
				},
				"east": {
					"uv": [0, 15, 1, 16],
					"texture": "#0"
				},
				"south": {
					"uv": [1, 5, 3, 16],
					"rotation": 90,
					"texture": "#0"
				},
				"west": {
					"uv": [0, 15, 1, 16],
					"texture": "#0"
				},
				"up": {
					"uv": [1, 5, 3, 16],
					"rotation": 90,
					"texture": "#0"
				},
				"down": {
					"uv": [1, 5, 3, 16],
					"rotation": 90,
					"texture": "#0"
				}
			}
		}
	],
	"display": {
		"thirdperson_righthand": {
			"rotation": [142.5, -55, 0],
			"translation": [-2.17958, 10.78348, 7.74995],
			"scale": [0.74371, 0.74371, 0.74371]
		},
		"thirdperson_lefthand": {
			"rotation": [142.5, -55, 0],
			"translation": [-2.17958, 10.78348, 7.74995],
			"scale": [0.74371, 0.74371, 0.74371]
		},
		"firstperson_righthand": {
			"rotation": [142.5, -55, 0],
			"translation": [-4.08979, 9.39174, 6.49997],
			"scale": [0.37185, 0.37185, 0.37185]
		},
		"firstperson_lefthand": {
			"rotation": [-142.5, 55, 180],
			"translation": [-1.91021, -3.39174, 6.49997],
			"scale": [0.37185, 0.37185, 0.37185]
		},
		"ground": {
			"rotation": [23.08658, -27.06807, -136.871],
			"translation": [1.24997, 16.39174, -0.91021],
			"scale": [0.37185, 0.37185, 0.37185]
		},
		"gui": {
			"rotation": [145.23095, 4.29357, 83.84482],
			"translation": [3.63578, 4.40351, 0.91021],
			"scale": [0.37185, 0.37185, 0.37185]
		},
		"head": {
			"rotation": [147.10087, 12.67956, 71.25773],
			"translation": [4.97672, -2.67921, 1.82042],
			"scale": [0.74371, 0.74371, 0.74371]
		},
		"fixed": {
			"rotation": [34.76905, -4.29357, -96.15518],
			"translation": [-6.81724, 9.64561, 1.29366],
			"scale": [0.59497, 0.59497, 0.59497]
		}
	}
}