{
	"textures": {
		"0": "unknown"
	},
	"elements": [
		{
			"from": [6.65539, 6.65539, 7.66385],
			"to": [9.34461, 9.34461, 8.33615],
			"light_emission": 0,
			"faces": {
				"north": {
					"uv": [8, 8, 16, 16],
					"texture": "#0"
				},
				"east": {
					"uv": [6, 0, 8, 8],
					"texture": "#0"
				},
				"south": {
					"uv": [8, 0, 16, 8],
					"texture": "#0"
				},
				"west": {
					"uv": [4, 0, 6, 8],
					"texture": "#0"
				},
				"up": {
					"uv": [4, 8, 6, 16],
					"rotation": 90,
					"texture": "#0"
				},
				"down": {
					"uv": [6, 8, 8, 16],
					"rotation": 90,
					"texture": "#0"
				}
			}
		}
	],
	"display": {
		"thirdperson_righthand": {
			"rotation": [-72.5, -45, 175],
			"translation": [0.58656, 13.53579, 12.07486],
			"scale": [0.74371, 0.74371, 0.74371]
		},
		"thirdperson_lefthand": {
			"rotation": [-72.5, -45, 175],
			"translation": [0.58656, 13.53579, 12.07486],
			"scale": [0.74371, 0.74371, 0.74371]
		},
		"firstperson_righthand": {
			"rotation": [-72.5, -45, 175],
			"translation": [-2.70672, 10.7679, 8.66243],
			"scale": [0.37185, 0.37185, 0.37185]
		},
		"firstperson_lefthand": {
			"rotation": [72.5, 45, -5],
			"translation": [-3.29328, -4.7679, 8.66243],
			"scale": [0.37185, 0.37185, 0.37185]
		},
		"ground": {
			"rotation": [-43.64293, 12.27659, -107.56854],
			"translation": [3.41243, 17.7679, -2.29328],
			"scale": [0.37185, 0.37185, 0.37185]
		},
		"gui": {
			"rotation": [-138.42663, 19.05681, 105.20848],
			"translation": [3.07978, 6.90568, 2.29328],
			"scale": [0.37185, 0.37185, 0.37185]
		},
		"head": {
			"rotation": [-135.68719, 8.80348, 93.90928],
			"translation": [2.6074, 1.86682, 4.58656],
			"scale": [0.74371, 0.74371, 0.74371]
		},
		"fixed": {
			"rotation": [-41.57337, -19.05681, -74.79152],
			"translation": [-5.92765, 13.64909, -0.91925],
			"scale": [0.59497, 0.59497, 0.59497]
		}
	}
}