{
	"textures": {
		"0": "item/madoka_bow"
	},
	"elements": [
		{
			"from": [2.13867, 7.26733, 7.26733],
			"to": [13.86133, 8.73267, 8.73267],
			"light_emission": 0,
			"faces": {
				"north": {
					"uv": [1, 5, 3, 16],
					"rotation": 90,
					"texture": "#0"
				},
				"east": {
					"uv": [0, 15, 1, 16],
					"texture": "#0"
				},
				"south": {
					"uv": [1, 5, 3, 16],
					"rotation": 90,
					"texture": "#0"
				},
				"west": {
					"uv": [0, 15, 1, 16],
					"texture": "#0"
				},
				"up": {
					"uv": [1, 5, 3, 16],
					"rotation": 90,
					"texture": "#0"
				},
				"down": {
					"uv": [1, 5, 3, 16],
					"rotation": 90,
					"texture": "#0"
				}
			}
		}
	],
	"display": {
		"thirdperson_righthand": {
			"rotation": [90, -90, 0],
			"translation": [0, -1.89178, 1.23815],
			"scale": [0.68244, 0.68244, 0.68244]
		},
		"thirdperson_lefthand": {
			"rotation": [90, -90, 0],
			"translation": [0, -1.89178, 1.23815],
			"scale": [0.68244, 0.68244, 0.68244]
		},
		"firstperson_righthand": {
			"rotation": [90, -90, 0],
			"translation": [-3, 3.05411, 3.24408],
			"scale": [0.34122, 0.34122, 0.34122]
		},
		"firstperson_lefthand": {
			"rotation": [90, 90, 0],
			"translation": [-3, 2.94589, 3.24407],
			"scale": [0.34122, 0.34122, 0.34122]
		},
		"ground": {
			"rotation": [0, 0, -90],
			"translation": [-2.00592, 10.05411, -2],
			"scale": [0.34122, 0.34122, 0.34122]
		},
		"gui": {
			"rotation": [180, 0, 135],
			"translation": [1.45666, -2.38014, 2],
			"scale": [0.34122, 0.34122, 0.34122]
		},
		"head": {
			"rotation": [-180, 0, 120],
			"translation": [4.27847, -16.9122, 4],
			"scale": [0.68244, 0.68244, 0.68244]
		},
		"fixed": {
			"rotation": [0, 0, -45],
			"translation": [-3.33066, -1.20823, -0.45],
			"scale": [0.54595, 0.54595, 0.54595]
		}
	}
}