{
	"textures": {
		"0": "unknown"
	},
	"elements": [
		{
			"from": [6.53467, 6.53467, 7.63367],
			"to": [9.46533, 9.46533, 8.36633],
			"light_emission": 0,
			"faces": {
				"north": {
					"uv": [8, 8, 16, 16],
					"texture": "#0"
				},
				"east": {
					"uv": [6, 0, 8, 8],
					"texture": "#0"
				},
				"south": {
					"uv": [8, 0, 16, 8],
					"texture": "#0"
				},
				"west": {
					"uv": [4, 0, 6, 8],
					"texture": "#0"
				},
				"up": {
					"uv": [4, 8, 6, 16],
					"rotation": 90,
					"texture": "#0"
				},
				"down": {
					"uv": [6, 8, 8, 16],
					"rotation": 90,
					"texture": "#0"
				}
			}
		}
	],
	"display": {
		"thirdperson_righthand": {
			"rotation": [-47.06968, 49.27781, 74.26772],
			"translation": [-0.68663, 12.12984, 13.37818],
			"scale": [0.68244, 0.68244, 0.68244]
		},
		"thirdperson_lefthand": {
			"rotation": [-47.06968, 49.27781, 74.26772],
			"translation": [-0.68663, 12.12984, 13.37818],
			"scale": [0.68244, 0.68244, 0.68244]
		},
		"firstperson_righthand": {
			"rotation": [-47.06968, 49.27781, 74.26772],
			"translation": [-3.34331, 10.06492, 9.31409],
			"scale": [0.34122, 0.34122, 0.34122]
		},
		"firstperson_lefthand": {
			"rotation": [47.06968, -49.27781, -105.73228],
			"translation": [-2.65669, -4.06492, 9.31409],
			"scale": [0.34122, 0.34122, 0.34122]
		},
		"ground": {
			"rotation": [-147.77801, 26.38174, -160.54787],
			"translation": [4.06409, 17.06492, -1.65669],
			"scale": [0.34122, 0.34122, 0.34122]
		},
		"gui": {
			"rotation": [-40.7037, 1.35007, -17.30114],
			"translation": [2.12191, 6.8694, 1.65669],
			"scale": [0.34122, 0.34122, 0.34122]
		},
		"head": {
			"rotation": [-39.99605, -8.39421, -5.86162],
			"translation": [0.77571, 1.30089, 3.31337],
			"scale": [0.68244, 0.68244, 0.68244]
		},
		"fixed": {
			"rotation": [-139.2963, -1.35007, 162.69886],
			"translation": [-4.39505, 13.59104, 0.0993],
			"scale": [0.54595, 0.54595, 0.54595]
		}
	}
}