{
	"textures": {
		"0": "item/madoka_bow"
	},
	"elements": [
		{
			"from": [6.53467, 6.53467, 7.63367],
			"to": [9.46533, 9.46533, 8.36633],
			"light_emission": 0,
			"faces": {
				"north": {
					"uv": [8, 8, 16, 16],
					"texture": "#0"
				},
				"east": {
					"uv": [6, 0, 8, 8],
					"texture": "#0"
				},
				"south": {
					"uv": [8, 0, 16, 8],
					"texture": "#0"
				},
				"west": {
					"uv": [4, 0, 6, 8],
					"texture": "#0"
				},
				"up": {
					"uv": [4, 8, 6, 16],
					"rotation": 90,
					"texture": "#0"
				},
				"down": {
					"uv": [6, 8, 8, 16],
					"rotation": 90,
					"texture": "#0"
				}
			}
		}
	],
	"display": {
		"thirdperson_righthand": {
			"rotation": [26.35553, -6.68398, -38.40345],
			"translation": [-0.03703, 13.00109, 12.94291],
			"scale": [0.68244, 0.68244, 0.68244]
		},
		"thirdperson_lefthand": {
			"rotation": [26.35553, -6.68398, -38.40345],
			"translation": [-0.03703, 13.00109, 12.94291],
			"scale": [0.68244, 0.68244, 0.68244]
		},
		"firstperson_righthand": {
			"rotation": [26.35553, -6.68398, -38.40345],
			"translation": [-3.01852, 10.50055, 9.09646],
			"scale": [0.34122, 0.34122, 0.34122]
		},
		"firstperson_lefthand": {
			"rotation": [-26.35553, 6.68398, 141.59655],
			"translation": [-2.98148, -4.50055, 9.09646],
			"scale": [0.34122, 0.34122, 0.34122]
		},
		"ground": {
			"rotation": [75.21261, 62.86901, -115.18271],
			"translation": [3.84646, 17.50055, -1.98148],
			"scale": [0.34122, 0.34122, 0.34122]
		},
		"gui": {
			"rotation": [-110.13126, -70.23381, -147.4363],
			"translation": [2.58383, 7.02354, 1.98148],
			"scale": [0.34122, 0.34122, 0.34122]
		},
		"head": {
			"rotation": [-151.52405, -82.39097, 170.28539],
			"translation": [1.58829, 1.83778, 3.96297],
			"scale": [0.68244, 0.68244, 0.68244]
		},
		"fixed": {
			"rotation": [-69.86874, 70.23381, 32.5637],
			"translation": [-5.13413, 13.83767, -0.42038],
			"scale": [0.54595, 0.54595, 0.54595]
		}
	}
}