{
	"textures": {
		"0": "item/madoka_bow"
	},
	"elements": [
		{
			"from": [6.901, 6.901, 7.75822],
			"to": [9.099, 9.099, 8.24178],
			"light_emission": 0,
			"faces": {
				"north": {
					"uv": [8, 8, 16, 16],
					"texture": "#0"
				},
				"east": {
					"uv": [6, 0, 8, 8],
					"texture": "#0"
				},
				"south": {
					"uv": [8, 0, 16, 8],
					"texture": "#0"
				},
				"west": {
					"uv": [4, 0, 6, 8],
					"texture": "#0"
				},
				"up": {
					"uv": [4, 8, 6, 16],
					"rotation": 90,
					"texture": "#0"
				},
				"down": {
					"uv": [6, 8, 8, 16],
					"rotation": 90,
					"texture": "#0"
				}
			}
		}
	],
	"display": {
		"thirdperson_righthand": {
			"rotation": [-42.84086, -66.67523, -144.56293],
			"translation": [0.45327, 12.51115, 13.39687],
			"scale": [0.68244, 0.68244, 0.68244]
		},
		"thirdperson_lefthand": {
			"rotation": [-42.84086, -66.67523, -144.56293],
			"translation": [0.45327, 12.51115, 13.39687],
			"scale": [0.68244, 0.68244, 0.68244]
		},
		"firstperson_righthand": {
			"rotation": [-42.84086, -66.67523, -144.56293],
			"translation": [-2.77337, 10.25558, 9.32344],
			"scale": [0.34122, 0.34122, 0.34122]
		},
		"firstperson_lefthand": {
			"rotation": [42.84086, 66.67523, 35.43707],
			"translation": [-3.22663, -4.25558, 9.32344],
			"scale": [0.34122, 0.34122, 0.34122]
		},
		"ground": {
			"rotation": [-16.34047, 16.87729, -99.28166],
			"translation": [4.07344, 17.25558, -2.22663],
			"scale": [0.34122, 0.34122, 0.34122]
		},
		"gui": {
			"rotation": [-156.69002, -0.85473, 123.45423],
			"translation": [2.25011, 7.01082, 2.22663],
			"scale": [0.34122, 0.34122, 0.34122]
		},
		"head": {
			"rotation": [-157.60891, -6.70824, 109.60711],
			"translation": [0.95018, 1.64046, 4.45327],
			"scale": [0.68244, 0.68244, 0.68244]
		},
		"fixed": {
			"rotation": [-23.30998, 0.85473, -56.54577],
			"translation": [-4.60018, 13.81731, -0.81261],
			"scale": [0.54595, 0.54595, 0.54595]
		}
	}
}