{
	"textures": {
		"0": "unknown"
	},
	"elements": [
		{
			"from": [6.901, 6.901, 7.75822],
			"to": [9.099, 9.099, 8.24178],
			"light_emission": 0,
			"faces": {
				"north": {
					"uv": [8, 8, 16, 16],
					"rotation": 90,
					"texture": "#0"
				},
				"east": {
					"uv": [6, 8, 8, 0],
					"texture": "#0"
				},
				"south": {
					"uv": [8, 0, 16, 8],
					"rotation": 270,
					"texture": "#0"
				},
				"west": {
					"uv": [6, 8, 4, 0],
					"texture": "#0"
				},
				"up": {
					"uv": [8, 8, 6, 16],
					"rotation": 90,
					"texture": "#0"
				},
				"down": {
					"uv": [6, 8, 4, 16],
					"rotation": 90,
					"texture": "#0"
				}
			}
		}
	],
	"display": {
		"thirdperson_righthand": {
			"rotation": [-72.11757, 19.09115, 26.03661],
			"translation": [-0.18357, 11.96009, 13.36308],
			"scale": [0.68244, 0.68244, 0.68244]
		},
		"thirdperson_lefthand": {
			"rotation": [-72.11757, 19.09115, 26.03661],
			"translation": [-0.18357, 11.96009, 13.36308],
			"scale": [0.68244, 0.68244, 0.68244]
		},
		"firstperson_righthand": {
			"rotation": [-72.11757, 19.09115, 26.03661],
			"translation": [-3.09179, 9.98005, 9.30654],
			"scale": [0.34122, 0.34122, 0.34122]
		},
		"firstperson_lefthand": {
			"rotation": [72.11757, -19.09115, -153.96339],
			"translation": [-2.90821, -3.98005, 9.30654],
			"scale": [0.34122, 0.34122, 0.34122]
		},
		"ground": {
			"rotation": [-109.98521, 16.8685, 122.06078],
			"translation": [4.05654, 16.98005, -1.90821],
			"scale": [0.34122, 0.34122, 0.34122]
		},
		"gui": {
			"rotation": [-68.75125, 25.51502, -73.47203],
			"translation": [2.06723, 6.80405, 1.90821],
			"scale": [0.34122, 0.34122, 0.34122]
		},
		"head": {
			"rotation": [-70.50627, 11.44182, -67.98028],
			"translation": [0.70391, 1.14634, 3.81643],
			"scale": [0.68244, 0.68244, 0.68244]
		},
		"fixed": {
			"rotation": [-111.24875, -25.51502, 106.52797],
			"translation": [-4.30757, 13.48647, -0.30314],
			"scale": [0.54595, 0.54595, 0.54595]
		}
	}
}