{
	"textures": {
		"0": "item/madoka_bow"
	},
	"elements": [
		{
			"from": [6.901, 6.901, 7.75822],
			"to": [9.099, 9.099, 8.24178],
			"light_emission": 0,
			"faces": {
				"north": {
					"uv": [8, 8, 16, 16],
					"texture": "#0"
				},
				"east": {
					"uv": [6, 0, 8, 8],
					"texture": "#0"
				},
				"south": {
					"uv": [8, 0, 16, 8],
					"texture": "#0"
				},
				"west": {
					"uv": [4, 0, 6, 8],
					"texture": "#0"
				},
				"up": {
					"uv": [4, 8, 6, 16],
					"rotation": 90,
					"texture": "#0"
				},
				"down": {
					"uv": [6, 8, 8, 16],
					"rotation": 90,
					"texture": "#0"
				}
			}
		}
	],
	"display": {
		"thirdperson_righthand": {
			"rotation": [6.93012, 37.36352, -4.89471],
			"translation": [-0.44793, 12.75522, 13.28597],
			"scale": [0.68244, 0.68244, 0.68244]
		},
		"thirdperson_lefthand": {
			"rotation": [6.93012, 37.36352, -4.89471],
			"translation": [-0.44793, 12.75522, 13.28597],
			"scale": [0.68244, 0.68244, 0.68244]
		},
		"firstperson_righthand": {
			"rotation": [6.93012, 37.36352, -4.89471],
			"translation": [-3.22397, 10.37761, 9.26798],
			"scale": [0.34122, 0.34122, 0.34122]
		},
		"firstperson_lefthand": {
			"rotation": [-6.93012, -37.36352, 175.10529],
			"translation": [-2.77603, -4.37761, 9.26798],
			"scale": [0.34122, 0.34122, 0.34122]
		},
		"ground": {
			"rotation": [171.02017, 52.09164, -173.56909],
			"translation": [4.01798, 17.37761, -1.77603],
			"scale": [0.34122, 0.34122, 0.34122]
		},
		"gui": {
			"rotation": [-38.92342, -38.73466, -57.12588],
			"translation": [2.37562, 7.0579, 1.77603],
			"scale": [0.34122, 0.34122, 0.34122]
		},
		"head": {
			"rotation": [-27.16689, -46.99037, -39.95675],
			"translation": [1.16826, 1.79638, 3.55207],
			"scale": [0.68244, 0.68244, 0.68244]
		},
		"fixed": {
			"rotation": [-141.07658, 38.73466, 122.87412],
			"translation": [-4.80099, 13.89264, -0.09166],
			"scale": [0.54595, 0.54595, 0.54595]
		}
	}
}