{
	"textures": {
		"0": "unknown"
	},
	"elements": [
		{
			"from": [7.26733, 7.26733, 7.81683],
			"to": [8.73267, 8.73267, 8.18317],
			"light_emission": 0,
			"faces": {
				"north": {
					"uv": [8, 8, 16, 16],
					"texture": "#0"
				},
				"east": {
					"uv": [6, 0, 8, 8],
					"texture": "#0"
				},
				"south": {
					"uv": [8, 0, 16, 8],
					"texture": "#0"
				},
				"west": {
					"uv": [4, 0, 6, 8],
					"texture": "#0"
				},
				"up": {
					"uv": [4, 8, 6, 16],
					"rotation": 90,
					"texture": "#0"
				},
				"down": {
					"uv": [6, 8, 8, 16],
					"rotation": 90,
					"texture": "#0"
				}
			}
		}
	],
	"display": {
		"thirdperson_righthand": {
			"rotation": [43.86002, -12.26005, -38.4362],
			"translation": [0.1176, 12.95072, 13.37831],
			"scale": [0.68244, 0.68244, 0.68244]
		},
		"thirdperson_lefthand": {
			"rotation": [43.86002, -12.26005, -38.4362],
			"translation": [0.1176, 12.95072, 13.37831],
			"scale": [0.68244, 0.68244, 0.68244]
		},
		"firstperson_righthand": {
			"rotation": [43.86002, -12.26005, -38.4362],
			"translation": [-2.9412, 10.47536, 9.31416],
			"scale": [0.34122, 0.34122, 0.34122]
		},
		"firstperson_lefthand": {
			"rotation": [-43.86002, 12.26005, 141.5638],
			"translation": [-3.0588, -4.47536, 9.31416],
			"scale": [0.34122, 0.34122, 0.34122]
		},
		"ground": {
			"rotation": [72.58767, 44.7965, -115.97568],
			"translation": [4.06416, 17.47536, -2.0588],
			"scale": [0.34122, 0.34122, 0.34122]
		},
		"gui": {
			"rotation": [-174.76892, -77.68787, 146.91732],
			"translation": [2.41209, 7.15967, 2.0588],
			"scale": [0.34122, 0.34122, 0.34122]
		},
		"head": {
			"rotation": [132.21232, -71.57565, 92.28035],
			"translation": [1.18604, 2.01186, 4.1176],
			"scale": [0.68244, 0.68244, 0.68244]
		},
		"fixed": {
			"rotation": [-5.23108, 77.68787, -33.08268],
			"translation": [-4.85934, 14.05547, -0.54408],
			"scale": [0.54595, 0.54595, 0.54595]
		}
	}
}