{
	"textures": {
		"0": "item/madoka_bow"
	},
	"elements": [
		{
			"from": [7.26733, 7.26733, 7.81683],
			"to": [8.73267, 8.73267, 8.18317],
			"light_emission": 0,
			"faces": {
				"north": {
					"uv": [8, 8, 16, 16],
					"texture": "#0"
				},
				"east": {
					"uv": [6, 0, 8, 8],
					"texture": "#0"
				},
				"south": {
					"uv": [8, 0, 16, 8],
					"texture": "#0"
				},
				"west": {
					"uv": [4, 0, 6, 8],
					"texture": "#0"
				},
				"up": {
					"uv": [4, 8, 6, 16],
					"rotation": 90,
					"texture": "#0"
				},
				"down": {
					"uv": [6, 8, 8, 16],
					"rotation": 90,
					"texture": "#0"
				}
			}
		}
	],
	"display": {
		"thirdperson_righthand": {
			"rotation": [-68.71839, -33.07917, 150.38933],
			"translation": [0.10466, 12.47362, 13.46074],
			"scale": [0.68244, 0.68244, 0.68244]
		},
		"thirdperson_lefthand": {
			"rotation": [-68.71839, -33.07917, 150.38933],
			"translation": [0.10466, 12.47362, 13.46074],
			"scale": [0.68244, 0.68244, 0.68244]
		},
		"firstperson_righthand": {
			"rotation": [-68.71839, -33.07917, 150.38933],
			"translation": [-2.94767, 10.23681, 9.35537],
			"scale": [0.34122, 0.34122, 0.34122]
		},
		"firstperson_lefthand": {
			"rotation": [68.71839, 33.07917, -29.61067],
			"translation": [-3.05233, -4.23681, 9.35537],
			"scale": [0.34122, 0.34122, 0.34122]
		},
		"ground": {
			"rotation": [-55.04479, 17.70546, -131.61281],
			"translation": [4.10537, 17.23681, -2.05233],
			"scale": [0.34122, 0.34122, 0.34122]
		},
		"gui": {
			"rotation": [-125.43068, 19.69695, 73.87409],
			"translation": [2.21426, 7.02013, 2.05233],
			"scale": [0.34122, 0.34122, 0.34122]
		},
		"head": {
			"rotation": [-123.38442, 7.29684, 65.17373],
			"translation": [0.8761, 1.63989, 4.10466],
			"scale": [0.68244, 0.68244, 0.68244]
		},
		"fixed": {
			"rotation": [-54.56932, -19.69695, -106.12591],
			"translation": [-4.54282, 13.83221, -0.53373],
			"scale": [0.54595, 0.54595, 0.54595]
		}
	}
}