{
	"textures": {
		"0": "unknown"
	},
	"elements": [
		{
			"from": [7.26733, 7.26733, 7.81683],
			"to": [8.73267, 8.73267, 8.18317],
			"light_emission": 0,
			"faces": {
				"north": {
					"uv": [8, 8, 16, 16],
					"texture": "#0"
				},
				"east": {
					"uv": [6, 0, 8, 8],
					"texture": "#0"
				},
				"south": {
					"uv": [8, 0, 16, 8],
					"texture": "#0"
				},
				"west": {
					"uv": [4, 0, 6, 8],
					"texture": "#0"
				},
				"up": {
					"uv": [4, 8, 6, 16],
					"rotation": 90,
					"texture": "#0"
				},
				"down": {
					"uv": [6, 8, 8, 16],
					"rotation": 90,
					"texture": "#0"
				}
			}
		}
	],
	"display": {
		"thirdperson_righthand": {
			"rotation": [-27.97362, 53.24522, 62.72603],
			"translation": [-0.23447, 12.5138, 13.38183],
			"scale": [0.68244, 0.68244, 0.68244]
		},
		"thirdperson_lefthand": {
			"rotation": [-27.97362, 53.24522, 62.72603],
			"translation": [-0.23447, 12.5138, 13.38183],
			"scale": [0.68244, 0.68244, 0.68244]
		},
		"firstperson_righthand": {
			"rotation": [-27.97362, 53.24522, 62.72603],
			"translation": [-3.11723, 10.2569, 9.31591],
			"scale": [0.34122, 0.34122, 0.34122]
		},
		"firstperson_lefthand": {
			"rotation": [27.97362, -53.24522, -117.27397],
			"translation": [-2.88277, -4.2569, 9.31591],
			"scale": [0.34122, 0.34122, 0.34122]
		},
		"ground": {
			"rotation": [-160.69319, 31.90265, -150.81441],
			"translation": [4.06591, 17.2569, -1.88277],
			"scale": [0.34122, 0.34122, 0.34122]
		},
		"gui": {
			"rotation": [-35.53178, -10.09124, -13.48842],
			"translation": [2.25637, 7.00644, 1.88277],
			"scale": [0.34122, 0.34122, 0.34122]
		},
		"head": {
			"rotation": [-32.3418, -18.5017, -0.65573],
			"translation": [0.96453, 1.63523, 3.76553],
			"scale": [0.68244, 0.68244, 0.68244]
		},
		"fixed": {
			"rotation": [-144.46822, 10.09124, 166.51158],
			"translation": [-4.61019, 13.8103, -0.26243],
			"scale": [0.54595, 0.54595, 0.54595]
		}
	}
}