{
	"textures": {
		"0": "unknown"
	},
	"elements": [
		{
			"from": [2.13867, 7.26733, 7.26733],
			"to": [13.86133, 8.73267, 8.73267],
			"light_emission": 0,
			"faces": {
				"north": {
					"uv": [1, 5, 3, 16],
					"rotation": 90,
					"texture": "#0"
				},
				"east": {
					"uv": [0, 15, 1, 16],
					"texture": "#0"
				},
				"south": {
					"uv": [1, 5, 3, 16],
					"rotation": 90,
					"texture": "#0"
				},
				"west": {
					"uv": [0, 15, 1, 16],
					"texture": "#0"
				},
				"up": {
					"uv": [1, 5, 3, 16],
					"rotation": 90,
					"texture": "#0"
				},
				"down": {
					"uv": [1, 5, 3, 16],
					"rotation": 90,
					"texture": "#0"
				}
			}
		}
	],
	"display": {
		"thirdperson_righthand": {
			"rotation": [52.5, -90, 0],
			"translation": [0, -9.17341, 3.68505],
			"scale": [0.68244, 0.68244, 0.68244]
		},
		"thirdperson_lefthand": {
			"rotation": [52.5, -90, 0],
			"translation": [0, -9.17341, 3.68505],
			"scale": [0.68244, 0.68244, 0.68244]
		},
		"firstperson_righthand": {
			"rotation": [52.5, -90, 0],
			"translation": [-3, -0.58671, 4.46752],
			"scale": [0.34122, 0.34122, 0.34122]
		},
		"firstperson_lefthand": {
			"rotation": [127.5, 90, 0],
			"translation": [-3, 6.58671, 4.46752],
			"scale": [0.34122, 0.34122, 0.34122]
		},
		"ground": {
			"rotation": [0, 0, -52.5],
			"translation": [-0.78248, 6.41329, -2],
			"scale": [0.34122, 0.34122, 0.34122]
		},
		"gui": {
			"rotation": [180, 0, 172.5],
			"translation": [-1.98289, -4.08948, 2],
			"scale": [0.34122, 0.34122, 0.34122]
		},
		"head": {
			"rotation": [-180, 0, 157.5],
			"translation": [-1.48142, -21.99484, 4],
			"scale": [0.68244, 0.68244, 0.68244]
		},
		"fixed": {
			"rotation": [0, 0, -7.5],
			"translation": [2.17262, -3.94317, -0.45],
			"scale": [0.54595, 0.54595, 0.54595]
		}
	}
}