{
	"textures": {
		"0": "item/madoka_bow"
	},
	"elements": [
		{
			"from": [2.13867, 7.26733, 7.26733],
			"to": [13.86133, 8.73267, 8.73267],
			"light_emission": 0,
			"faces": {
				"north": {
					"uv": [1, 5, 3, 16],
					"rotation": 90,
					"texture": "#0"
				},
				"east": {
					"uv": [0, 15, 1, 16],
					"texture": "#0"
				},
				"south": {
					"uv": [1, 5, 3, 16],
					"rotation": 90,
					"texture": "#0"
				},
				"west": {
					"uv": [0, 15, 1, 16],
					"texture": "#0"
				},
				"up": {
					"uv": [1, 5, 3, 16],
					"rotation": 90,
					"texture": "#0"
				},
				"down": {
					"uv": [1, 5, 3, 16],
					"rotation": 90,
					"texture": "#0"
				}
			}
		}
	],
	"display": {
		"thirdperson_righthand": {
			"rotation": [150, -55, 0],
			"translation": [-2.17958, 9.85992, 8.84081],
			"scale": [0.68244, 0.68244, 0.68244]
		},
		"thirdperson_lefthand": {
			"rotation": [150, -55, 0],
			"translation": [-2.17958, 9.85992, 8.84081],
			"scale": [0.68244, 0.68244, 0.68244]
		},
		"firstperson_righthand": {
			"rotation": [150, -55, 0],
			"translation": [-4.08979, 8.92996, 7.04541],
			"scale": [0.34122, 0.34122, 0.34122]
		},
		"firstperson_lefthand": {
			"rotation": [-150, 55, 180],
			"translation": [-1.91021, -2.92996, 7.04541],
			"scale": [0.34122, 0.34122, 0.34122]
		},
		"ground": {
			"rotation": [19.29534, -29.78401, -144.82326],
			"translation": [1.79541, 15.92996, -0.91021],
			"scale": [0.34122, 0.34122, 0.34122]
		},
		"gui": {
			"rotation": [145.9276, 8.53726, 77.62039],
			"translation": [2.92357, 4.46266, 0.91021],
			"scale": [0.34122, 0.34122, 0.34122]
		},
		"head": {
			"rotation": [148.76748, 16.66577, 64.68877],
			"translation": [3.57023, -2.9336, 1.82042],
			"scale": [0.68244, 0.68244, 0.68244]
		},
		"fixed": {
			"rotation": [34.0724, -8.53726, -102.37961],
			"translation": [-5.67771, 9.74026, 1.29366],
			"scale": [0.54595, 0.54595, 0.54595]
		}
	}
}