{
	"textures": {
		"0": "item/madoka_bow"
	},
	"elements": [
		{
			"from": [6.53467, 6.53467, 7.63367],
			"to": [9.46533, 9.46533, 8.36633],
			"light_emission": 0,
			"faces": {
				"north": {
					"uv": [8, 8, 16, 16],
					"texture": "#0"
				},
				"east": {
					"uv": [6, 0, 8, 8],
					"texture": "#0"
				},
				"south": {
					"uv": [8, 0, 16, 8],
					"texture": "#0"
				},
				"west": {
					"uv": [4, 0, 6, 8],
					"texture": "#0"
				},
				"up": {
					"uv": [4, 8, 6, 16],
					"rotation": 90,
					"texture": "#0"
				},
				"down": {
					"uv": [6, 8, 8, 16],
					"rotation": 90,
					"texture": "#0"
				}
			}
		}
	],
	"display": {
		"thirdperson_righthand": {
			"rotation": [-65, -45, 175],
			"translation": [0.58656, 12.02418, 13.48797],
			"scale": [0.68244, 0.68244, 0.68244]
		},
		"thirdperson_lefthand": {
			"rotation": [-65, -45, 175],
			"translation": [0.58656, 12.02418, 13.48797],
			"scale": [0.68244, 0.68244, 0.68244]
		},
		"firstperson_righthand": {
			"rotation": [-65, -45, 175],
			"translation": [-2.70672, 10.01209, 9.36899],
			"scale": [0.34122, 0.34122, 0.34122]
		},
		"firstperson_lefthand": {
			"rotation": [65, 45, -5],
			"translation": [-3.29328, -4.01209, 9.36899],
			"scale": [0.34122, 0.34122, 0.34122]
		},
		"ground": {
			"rotation": [-42.18626, 17.38772, -113.24891],
			"translation": [4.11899, 17.01209, -2.29328],
			"scale": [0.34122, 0.34122, 0.34122]
		},
		"gui": {
			"rotation": [-136.78083, 13.99544, 99.43275],
			"translation": [2.04573, 6.87086, 2.29328],
			"scale": [0.34122, 0.34122, 0.34122]
		},
		"head": {
			"rotation": [-135.10923, 3.53329, 88.54002],
			"translation": [0.62779, 1.26428, 4.58656],
			"scale": [0.68244, 0.68244, 0.68244]
		},
		"fixed": {
			"rotation": [-43.21917, -13.99544, -80.56725],
			"translation": [-4.27317, 13.59337, -0.91925],
			"scale": [0.54595, 0.54595, 0.54595]
		}
	}
}