{
	"textures": {
		"0": "item/madoka_bow"
	},
	"elements": [
		{
			"from": [6.78559, 6.78559, 7.6964],
			"to": [9.21441, 9.21441, 8.3036],
			"light_emission": 0,
			"faces": {
				"north": {
					"uv": [8, 8, 16, 16],
					"texture": "#0"
				},
				"east": {
					"uv": [6, 0, 8, 8],
					"texture": "#0"
				},
				"south": {
					"uv": [8, 0, 16, 8],
					"texture": "#0"
				},
				"west": {
					"uv": [4, 0, 6, 8],
					"texture": "#0"
				},
				"up": {
					"uv": [4, 8, 6, 16],
					"rotation": 90,
					"texture": "#0"
				},
				"down": {
					"uv": [6, 8, 8, 16],
					"rotation": 90,
					"texture": "#0"
				}
			}
		}
	],
	"display": {
		"thirdperson_righthand": {
			"rotation": [-67.06968, 49.27781, 74.26772],
			"translation": [-0.68663, 15.66702, 9.18215],
			"scale": [0.82344, 0.82344, 0.82344]
		},
		"thirdperson_lefthand": {
			"rotation": [-67.06968, 49.27781, 74.26772],
			"translation": [-0.68663, 15.66702, 9.18215],
			"scale": [0.82344, 0.82344, 0.82344]
		},
		"firstperson_righthand": {
			"rotation": [-67.06968, 49.27781, 74.26772],
			"translation": [-3.34331, 11.83351, 7.21608],
			"scale": [0.41172, 0.41172, 0.41172]
		},
		"firstperson_lefthand": {
			"rotation": [67.06968, -49.27781, -105.73228],
			"translation": [-2.65669, -5.83351, 7.21608],
			"scale": [0.41172, 0.41172, 0.41172]
		},
		"ground": {
			"rotation": [-141.59304, 14.72496, -177.95567],
			"translation": [1.96608, 18.83351, -1.65669],
			"scale": [0.41172, 0.41172, 0.41172]
		},
		"gui": {
			"rotation": [-38.58063, 14.18927, -32.81325],
			"translation": [4.85601, 6.63646, 1.65669],
			"scale": [0.41172, 0.41172, 0.41172]
		},
		"head": {
			"rotation": [-40.50611, 4.60546, -21.10184],
			"translation": [6.17817, 2.26616, 3.31337],
			"scale": [0.82344, 0.82344, 0.82344]
		},
		"fixed": {
			"rotation": [-141.41937, -14.18927, 147.18675],
			"translation": [-8.76961, 13.21834, 0.0993],
			"scale": [0.65876, 0.65876, 0.65876]
		}
	}
}