{
	"textures": {
		"0": "item/madoka_bow"
	},
	"elements": [
		{
			"from": [6.78559, 6.78559, 7.6964],
			"to": [9.21441, 9.21441, 8.3036],
			"light_emission": 0,
			"faces": {
				"north": {
					"uv": [8, 8, 16, 16],
					"texture": "#0"
				},
				"east": {
					"uv": [6, 0, 8, 8],
					"texture": "#0"
				},
				"south": {
					"uv": [8, 0, 16, 8],
					"texture": "#0"
				},
				"west": {
					"uv": [4, 0, 6, 8],
					"texture": "#0"
				},
				"up": {
					"uv": [4, 8, 6, 16],
					"rotation": 90,
					"texture": "#0"
				},
				"down": {
					"uv": [6, 8, 8, 16],
					"rotation": 90,
					"texture": "#0"
				}
			}
		}
	],
	"display": {
		"thirdperson_righthand": {
			"rotation": [6.35553, -6.68398, -38.40345],
			"translation": [-0.03703, 16.33686, 8.47515],
			"scale": [0.82344, 0.82344, 0.82344]
		},
		"thirdperson_lefthand": {
			"rotation": [6.35553, -6.68398, -38.40345],
			"translation": [-0.03703, 16.33686, 8.47515],
			"scale": [0.82344, 0.82344, 0.82344]
		},
		"firstperson_righthand": {
			"rotation": [6.35553, -6.68398, -38.40345],
			"translation": [-3.01852, 12.16843, 6.86257],
			"scale": [0.41172, 0.41172, 0.41172]
		},
		"firstperson_lefthand": {
			"rotation": [-6.35553, 6.68398, 141.59655],
			"translation": [-2.98148, -6.16843, 6.86257],
			"scale": [0.41172, 0.41172, 0.41172]
		},
		"ground": {
			"rotation": [43.36825, 80.7867, -82.14321],
			"translation": [1.61257, 19.16843, -1.98148],
			"scale": [0.41172, 0.41172, 0.41172]
		},
		"gui": {
			"rotation": [-100.62838, -50.87104, -136.68589],
			"translation": [5.3428, 6.62332, 1.98148],
			"scale": [0.41172, 0.41172, 0.41172]
		},
		"head": {
			"rotation": [-106.28833, -65.48126, -143.2912],
			"translation": [7.12537, 2.49276, 3.96297],
			"scale": [0.82344, 0.82344, 0.82344]
		},
		"fixed": {
			"rotation": [-79.37162, 50.87104, 43.31411],
			"translation": [-9.54847, 13.19731, -0.42038],
			"scale": [0.65876, 0.65876, 0.65876]
		}
	}
}