{
	"textures": {
		"0": "item/madoka_bow"
	},
	"elements": [
		{
			"from": [7.08919, 7.08919, 7.79962],
			"to": [8.91081, 8.91081, 8.20038],
			"light_emission": 0,
			"faces": {
				"north": {
					"uv": [8, 8, 16, 16],
					"texture": "#0"
				},
				"east": {
					"uv": [6, 0, 8, 8],
					"texture": "#0"
				},
				"south": {
					"uv": [8, 0, 16, 8],
					"texture": "#0"
				},
				"west": {
					"uv": [4, 0, 6, 8],
					"texture": "#0"
				},
				"up": {
					"uv": [4, 8, 6, 16],
					"rotation": 90,
					"texture": "#0"
				},
				"down": {
					"uv": [6, 8, 8, 16],
					"rotation": 90,
					"texture": "#0"
				}
			}
		}
	],
	"display": {
		"thirdperson_righthand": {
			"rotation": [-62.84086, -66.67523, -144.56293],
			"translation": [0.45327, 16.03173, 9.0693],
			"scale": [0.82344, 0.82344, 0.82344]
		},
		"thirdperson_lefthand": {
			"rotation": [-62.84086, -66.67523, -144.56293],
			"translation": [0.45327, 16.03173, 9.0693],
			"scale": [0.82344, 0.82344, 0.82344]
		},
		"firstperson_righthand": {
			"rotation": [-62.84086, -66.67523, -144.56293],
			"translation": [-2.77337, 12.01586, 7.15965],
			"scale": [0.41172, 0.41172, 0.41172]
		},
		"firstperson_lefthand": {
			"rotation": [62.84086, 66.67523, 35.43707],
			"translation": [-3.22663, -6.01586, 7.15965],
			"scale": [0.41172, 0.41172, 0.41172]
		},
		"ground": {
			"rotation": [-20.98879, 10.41248, -79.78815],
			"translation": [1.90965, 19.01586, -2.22663],
			"scale": [0.41172, 0.41172, 0.41172]
		},
		"gui": {
			"rotation": [-157.68451, 6.96751, 141.90203],
			"translation": [5.02485, 6.7255, 2.22663],
			"scale": [0.41172, 0.41172, 0.41172]
		},
		"head": {
			"rotation": [-156.70084, 1.12443, 128.04609],
			"translation": [6.45825, 2.52558, 4.45327],
			"scale": [0.82344, 0.82344, 0.82344]
		},
		"fixed": {
			"rotation": [-22.31549, -6.96751, -38.09797],
			"translation": [-9.03976, 13.36081, -0.81261],
			"scale": [0.65876, 0.65876, 0.65876]
		}
	}
}