{
	"textures": {
		"0": "item/madoka_bow"
	},
	"elements": [
		{
			"from": [7.08919, 7.08919, 7.79962],
			"to": [8.91081, 8.91081, 8.20038],
			"light_emission": 0,
			"faces": {
				"north": {
					"uv": [8, 8, 16, 16],
					"rotation": 90,
					"texture": "#0"
				},
				"east": {
					"uv": [6, 8, 8, 0],
					"texture": "#0"
				},
				"south": {
					"uv": [8, 0, 16, 8],
					"rotation": 270,
					"texture": "#0"
				},
				"west": {
					"uv": [6, 8, 4, 0],
					"texture": "#0"
				},
				"up": {
					"uv": [8, 8, 6, 16],
					"rotation": 90,
					"texture": "#0"
				},
				"down": {
					"uv": [6, 8, 4, 16],
					"rotation": 90,
					"texture": "#0"
				}
			}
		}
	],
	"display": {
		"thirdperson_righthand": {
			"rotation": [-92.11757, 19.09115, 26.03661],
			"translation": [-0.18357, 15.50234, 9.22602],
			"scale": [0.82344, 0.82344, 0.82344]
		},
		"thirdperson_lefthand": {
			"rotation": [-92.11757, 19.09115, 26.03661],
			"translation": [-0.18357, 15.50234, 9.22602],
			"scale": [0.82344, 0.82344, 0.82344]
		},
		"firstperson_righthand": {
			"rotation": [-92.11757, 19.09115, 26.03661],
			"translation": [-3.09179, 11.75117, 7.23801],
			"scale": [0.41172, 0.41172, 0.41172]
		},
		"firstperson_lefthand": {
			"rotation": [92.11757, -19.09115, -153.96339],
			"translation": [-2.90821, -5.75117, 7.23801],
			"scale": [0.41172, 0.41172, 0.41172]
		},
		"ground": {
			"rotation": [-109.10325, -2.00105, 115.34373],
			"translation": [1.98801, 18.75117, -1.90821],
			"scale": [0.41172, 0.41172, 0.41172]
		},
		"gui": {
			"rotation": [-63.0416, 43.82435, -83.36503],
			"translation": [4.78228, 6.59375, 1.90821],
			"scale": [0.41172, 0.41172, 0.41172]
		},
		"head": {
			"rotation": [-67.77272, 30.16002, -75.56565],
			"translation": [6.05784, 2.14548, 3.81643],
			"scale": [0.82344, 0.82344, 0.82344]
		},
		"fixed": {
			"rotation": [-116.9584, -43.82435, 96.63497],
			"translation": [-8.65164, 13.15, -0.30314],
			"scale": [0.65876, 0.65876, 0.65876]
		}
	}
}