{
	"textures": {
		"0": "item/madoka_bow"
	},
	"elements": [
		{
			"from": [7.08919, 7.08919, 7.79962],
			"to": [8.91081, 8.91081, 8.20038],
			"light_emission": 0,
			"faces": {
				"north": {
					"uv": [8, 8, 16, 16],
					"texture": "#0"
				},
				"east": {
					"uv": [6, 0, 8, 8],
					"texture": "#0"
				},
				"south": {
					"uv": [8, 0, 16, 8],
					"texture": "#0"
				},
				"west": {
					"uv": [4, 0, 6, 8],
					"texture": "#0"
				},
				"up": {
					"uv": [4, 8, 6, 16],
					"rotation": 90,
					"texture": "#0"
				},
				"down": {
					"uv": [6, 8, 8, 16],
					"rotation": 90,
					"texture": "#0"
				}
			}
		}
	],
	"display": {
		"thirdperson_righthand": {
			"rotation": [-13.06988, 37.36352, -4.89471],
			"translation": [-0.44793, 16.22315, 8.88161],
			"scale": [0.82344, 0.82344, 0.82344]
		},
		"thirdperson_lefthand": {
			"rotation": [-13.06988, 37.36352, -4.89471],
			"translation": [-0.44793, 16.22315, 8.88161],
			"scale": [0.82344, 0.82344, 0.82344]
		},
		"firstperson_righthand": {
			"rotation": [-13.06988, 37.36352, -4.89471],
			"translation": [-3.22397, 12.11157, 7.0658],
			"scale": [0.41172, 0.41172, 0.41172]
		},
		"firstperson_lefthand": {
			"rotation": [13.06988, -37.36352, 175.10529],
			"translation": [-2.77603, -6.11157, 7.0658],
			"scale": [0.41172, 0.41172, 0.41172]
		},
		"ground": {
			"rotation": [-163.50237, 50.73363, 154.17135],
			"translation": [1.8158, 19.11157, -1.77603],
			"scale": [0.41172, 0.41172, 0.41172]
		},
		"gui": {
			"rotation": [-48.02305, -24.8572, -74.17879],
			"translation": [5.15889, 6.72682, 1.77603],
			"scale": [0.41172, 0.41172, 0.41172]
		},
		"head": {
			"rotation": [-41.80825, -35.49411, -61.90311],
			"translation": [6.71651, 2.59751, 3.55207],
			"scale": [0.82344, 0.82344, 0.82344]
		},
		"fixed": {
			"rotation": [-131.97695, 24.8572, 105.82121],
			"translation": [-9.25422, 13.36291, -0.09166],
			"scale": [0.65876, 0.65876, 0.65876]
		}
	}
}