{
	"textures": {
		"0": "item/madoka_bow"
	},
	"elements": [
		{
			"from": [7.39279, 7.39279, 7.8482],
			"to": [8.60721, 8.60721, 8.1518],
			"light_emission": 0,
			"faces": {
				"north": {
					"uv": [8, 8, 16, 16],
					"texture": "#0"
				},
				"east": {
					"uv": [6, 0, 8, 8],
					"texture": "#0"
				},
				"south": {
					"uv": [8, 0, 16, 8],
					"texture": "#0"
				},
				"west": {
					"uv": [4, 0, 6, 8],
					"texture": "#0"
				},
				"up": {
					"uv": [4, 8, 6, 16],
					"rotation": 90,
					"texture": "#0"
				},
				"down": {
					"uv": [6, 8, 8, 16],
					"rotation": 90,
					"texture": "#0"
				}
			}
		}
	],
	"display": {
		"thirdperson_righthand": {
			"rotation": [23.86002, -12.26005, -38.4362],
			"translation": [0.1176, 16.43844, 8.90152],
			"scale": [0.82344, 0.82344, 0.82344]
		},
		"thirdperson_lefthand": {
			"rotation": [23.86002, -12.26005, -38.4362],
			"translation": [0.1176, 16.43844, 8.90152],
			"scale": [0.82344, 0.82344, 0.82344]
		},
		"firstperson_righthand": {
			"rotation": [23.86002, -12.26005, -38.4362],
			"translation": [-2.9412, 12.21922, 7.07576],
			"scale": [0.41172, 0.41172, 0.41172]
		},
		"firstperson_lefthand": {
			"rotation": [-23.86002, 12.26005, 141.5638],
			"translation": [-3.0588, -6.21922, 7.07576],
			"scale": [0.41172, 0.41172, 0.41172]
		},
		"ground": {
			"rotation": [61.75467, 63.33931, -102.79066],
			"translation": [1.82576, 19.21922, -2.0588],
			"scale": [0.41172, 0.41172, 0.41172]
		},
		"gui": {
			"rotation": [-121.07068, -65.70383, -157.21065],
			"translation": [5.22797, 6.80998, 2.0588],
			"scale": [0.41172, 0.41172, 0.41172]
		},
		"head": {
			"rotation": [-153.7935, -76.30946, 168.43036],
			"translation": [6.80691, 2.79392, 4.1176],
			"scale": [0.82344, 0.82344, 0.82344]
		},
		"fixed": {
			"rotation": [-58.92932, 65.70383, 22.78935],
			"translation": [-9.36475, 13.49597, -0.54408],
			"scale": [0.65876, 0.65876, 0.65876]
		}
	}
}