{
	"textures": {
		"0": "item/madoka_bow"
	},
	"elements": [
		{
			"from": [7.39279, 7.39279, 7.8482],
			"to": [8.60721, 8.60721, 8.1518],
			"light_emission": 0,
			"faces": {
				"north": {
					"uv": [8, 8, 16, 16],
					"texture": "#0"
				},
				"east": {
					"uv": [6, 0, 8, 8],
					"texture": "#0"
				},
				"south": {
					"uv": [8, 0, 16, 8],
					"texture": "#0"
				},
				"west": {
					"uv": [4, 0, 6, 8],
					"texture": "#0"
				},
				"up": {
					"uv": [4, 8, 6, 16],
					"rotation": 90,
					"texture": "#0"
				},
				"down": {
					"uv": [6, 8, 8, 16],
					"rotation": 90,
					"texture": "#0"
				}
			}
		}
	],
	"display": {
		"thirdperson_righthand": {
			"rotation": [-88.71839, -33.07917, 150.38933],
			"translation": [0.10466, 16.0183, 9.14215],
			"scale": [0.82344, 0.82344, 0.82344]
		},
		"thirdperson_lefthand": {
			"rotation": [-88.71839, -33.07917, 150.38933],
			"translation": [0.10466, 16.0183, 9.14215],
			"scale": [0.82344, 0.82344, 0.82344]
		},
		"firstperson_righthand": {
			"rotation": [-88.71839, -33.07917, 150.38933],
			"translation": [-2.94767, 12.00915, 7.19608],
			"scale": [0.41172, 0.41172, 0.41172]
		},
		"firstperson_lefthand": {
			"rotation": [88.71839, 33.07917, -29.61067],
			"translation": [-3.05233, -6.00915, 7.19608],
			"scale": [0.41172, 0.41172, 0.41172]
		},
		"ground": {
			"rotation": [-56.91427, 1.07386, -120.31025],
			"translation": [1.94608, 19.00915, -2.05233],
			"scale": [0.41172, 0.41172, 0.41172]
		},
		"gui": {
			"rotation": [-132.02674, 35.38703, 87.94987],
			"translation": [4.99435, 6.74652, 2.05233],
			"scale": [0.41172, 0.41172, 0.41172]
		},
		"head": {
			"rotation": [-126.60262, 23.74228, 77.03827],
			"translation": [6.38845, 2.55038, 4.10466],
			"scale": [0.82344, 0.82344, 0.82344]
		},
		"fixed": {
			"rotation": [-47.97326, -35.38703, -92.05013],
			"translation": [-8.99096, 13.39443, -0.53373],
			"scale": [0.65876, 0.65876, 0.65876]
		}
	}
}