{
	"textures": {
		"0": "item/madoka_bow"
	},
	"elements": [
		{
			"from": [7.39279, 7.39279, 7.8482],
			"to": [8.60721, 8.60721, 8.1518],
			"light_emission": 0,
			"faces": {
				"north": {
					"uv": [8, 8, 16, 16],
					"texture": "#0"
				},
				"east": {
					"uv": [6, 0, 8, 8],
					"texture": "#0"
				},
				"south": {
					"uv": [8, 0, 16, 8],
					"texture": "#0"
				},
				"west": {
					"uv": [4, 0, 6, 8],
					"texture": "#0"
				},
				"up": {
					"uv": [4, 8, 6, 16],
					"rotation": 90,
					"texture": "#0"
				},
				"down": {
					"uv": [6, 8, 8, 16],
					"rotation": 90,
					"texture": "#0"
				}
			}
		}
	],
	"display": {
		"thirdperson_righthand": {
			"rotation": [-47.97362, 53.24522, 62.72603],
			"translation": [-0.23447, 16.02907, 9.05426],
			"scale": [0.82344, 0.82344, 0.82344]
		},
		"thirdperson_lefthand": {
			"rotation": [-47.97362, 53.24522, 62.72603],
			"translation": [-0.23447, 16.02907, 9.05426],
			"scale": [0.82344, 0.82344, 0.82344]
		},
		"firstperson_righthand": {
			"rotation": [-47.97362, 53.24522, 62.72603],
			"translation": [-3.11723, 12.01453, 7.15213],
			"scale": [0.41172, 0.41172, 0.41172]
		},
		"firstperson_lefthand": {
			"rotation": [47.97362, -53.24522, -117.27397],
			"translation": [-2.88277, -6.01453, 7.15213],
			"scale": [0.41172, 0.41172, 0.41172]
		},
		"ground": {
			"rotation": [-150.97853, 23.61611, -171.44184],
			"translation": [1.90213, 19.01453, -1.88277],
			"scale": [0.41172, 0.41172, 0.41172]
		},
		"gui": {
			"rotation": [-36.71777, 1.77887, -29.65721],
			"translation": [5.02923, 6.71925, 1.88277],
			"scale": [0.41172, 0.41172, 0.41172]
		},
		"head": {
			"rotation": [-36.14712, -7.1624, -17.58768],
			"translation": [6.46995, 2.51576, 3.76553],
			"scale": [0.82344, 0.82344, 0.82344]
		},
		"fixed": {
			"rotation": [-143.28223, -1.77887, 150.34279],
			"translation": [-9.04677, 13.35079, -0.26243],
			"scale": [0.65876, 0.65876, 0.65876]
		}
	}
}