{
	"textures": {
		"0": "item/madoka_bow"
	},
	"elements": [
		{
			"from": [6.78559, 6.78559, 7.24099],
			"to": [9.21441, 9.21441, 8.75901],
			"light_emission": 0,
			"faces": {
				"north": {
					"uv": [0, 1, 4, 5],
					"texture": "#0"
				},
				"east": {
					"uv": [1, 12, 3, 16],
					"texture": "#0"
				},
				"south": {
					"uv": [0, 1, 4, 5],
					"texture": "#0"
				},
				"west": {
					"uv": [1, 12, 3, 16],
					"texture": "#0"
				},
				"up": {
					"uv": [1, 12, 3, 16],
					"rotation": 90,
					"texture": "#0"
				},
				"down": {
					"uv": [1, 12, 3, 16],
					"rotation": 90,
					"texture": "#0"
				}
			}
		}
	],
	"display": {
		"thirdperson_righthand": {
			"rotation": [130, -90, 0],
			"translation": [0, -6, 1.25],
			"scale": [0.82344, 0.82344, 0.82344]
		},
		"thirdperson_lefthand": {
			"rotation": [130, -90, 0],
			"translation": [0, -6, 1.25],
			"scale": [0.82344, 0.82344, 0.82344]
		},
		"firstperson_righthand": {
			"rotation": [130, -90, 0],
			"translation": [-3, 1, 3.25],
			"scale": [0.41172, 0.41172, 0.41172]
		},
		"firstperson_lefthand": {
			"rotation": [50, 90, 0],
			"translation": [-3, 5, 3.25],
			"scale": [0.41172, 0.41172, 0.41172]
		},
		"ground": {
			"rotation": [0, 0, -130],
			"translation": [-2, 8, -2],
			"scale": [0.41172, 0.41172, 0.41172]
		},
		"gui": {
			"rotation": [-180, 0, 95],
			"translation": [0, -3.82843, 2],
			"scale": [0.41172, 0.41172, 0.41172]
		},
		"head": {
			"rotation": [-180, 0, 80],
			"translation": [2.2141, -20.4641, 4],
			"scale": [0.82344, 0.82344, 0.82344]
		},
		"fixed": {
			"rotation": [0, 0, -85],
			"translation": [-1, -3.52548, -0.45],
			"scale": [0.65876, 0.65876, 0.65876]
		}
	}
}