{
	"textures": {
		"0": "item/madoka_bow"
	},
	"elements": [
		{
			"from": [3.14235, 7.39279, 7.39279],
			"to": [12.85765, 8.60721, 8.60721],
			"light_emission": 0,
			"faces": {
				"north": {
					"uv": [3, 5, 4, 16],
					"rotation": 90,
					"texture": "#0"
				},
				"east": {
					"uv": [0, 15, 1, 16],
					"texture": "#0"
				},
				"south": {
					"uv": [3, 5, 4, 16],
					"rotation": 90,
					"texture": "#0"
				},
				"west": {
					"uv": [0, 15, 1, 16],
					"texture": "#0"
				},
				"up": {
					"uv": [3, 5, 4, 16],
					"rotation": 90,
					"texture": "#0"
				},
				"down": {
					"uv": [3, 5, 4, 16],
					"rotation": 90,
					"texture": "#0"
				}
			}
		}
	],
	"display": {
		"thirdperson_righthand": {
			"rotation": [130, -90, 0],
			"translation": [0, 12.50856, 6.13652],
			"scale": [0.82344, 0.82344, 0.82344]
		},
		"thirdperson_lefthand": {
			"rotation": [130, -90, 0],
			"translation": [0, 12.50856, 6.13652],
			"scale": [0.82344, 0.82344, 0.82344]
		},
		"firstperson_righthand": {
			"rotation": [130, -90, 0],
			"translation": [-3, 10.25428, 5.69326],
			"scale": [0.41172, 0.41172, 0.41172]
		},
		"firstperson_lefthand": {
			"rotation": [50, 90, 0],
			"translation": [-3, -4.25428, 5.69326],
			"scale": [0.41172, 0.41172, 0.41172]
		},
		"ground": {
			"rotation": [0, 0, -130],
			"translation": [0.44326, 17.25428, -2],
			"scale": [0.41172, 0.41172, 0.41172]
		},
		"gui": {
			"rotation": [-180, 0, 95],
			"translation": [4.81612, 4.44298, 2],
			"scale": [0.41172, 0.41172, 0.41172]
		},
		"head": {
			"rotation": [-180, 0, 80],
			"translation": [7.23654, -1.99196, 4],
			"scale": [0.82344, 0.82344, 0.82344]
		},
		"fixed": {
			"rotation": [0, 0, -85],
			"translation": [-8.70579, 9.70877, -0.45],
			"scale": [0.65876, 0.65876, 0.65876]
		}
	}
}