{
	"textures": {
		"0": "item/madoka_bow"
	},
	"elements": [
		{
			"from": [3.14235, 7.39279, 7.39279],
			"to": [12.85765, 8.60721, 8.60721],
			"light_emission": 0,
			"faces": {
				"north": {
					"uv": [1, 5, 3, 16],
					"rotation": 90,
					"texture": "#0"
				},
				"east": {
					"uv": [0, 15, 1, 16],
					"texture": "#0"
				},
				"south": {
					"uv": [1, 5, 3, 16],
					"rotation": 90,
					"texture": "#0"
				},
				"west": {
					"uv": [0, 15, 1, 16],
					"texture": "#0"
				},
				"up": {
					"uv": [1, 5, 3, 16],
					"rotation": 90,
					"texture": "#0"
				},
				"down": {
					"uv": [1, 5, 3, 16],
					"rotation": 90,
					"texture": "#0"
				}
			}
		}
	],
	"display": {
		"thirdperson_righthand": {
			"rotation": [130, -55, 0],
			"translation": [-2.17958, 11.98212, 5.69478],
			"scale": [0.82344, 0.82344, 0.82344]
		},
		"thirdperson_lefthand": {
			"rotation": [130, -55, 0],
			"translation": [-2.17958, 11.98212, 5.69478],
			"scale": [0.82344, 0.82344, 0.82344]
		},
		"firstperson_righthand": {
			"rotation": [130, -55, 0],
			"translation": [-4.08979, 9.99106, 5.47239],
			"scale": [0.41172, 0.41172, 0.41172]
		},
		"firstperson_lefthand": {
			"rotation": [-130, 55, 180],
			"translation": [-1.91021, -3.99106, 5.47239],
			"scale": [0.41172, 0.41172, 0.41172]
		},
		"ground": {
			"rotation": [28.20867, -21.63471, -124.50269],
			"translation": [0.22239, 16.99106, -0.91021],
			"scale": [0.41172, 0.41172, 0.41172]
		},
		"gui": {
			"rotation": [145.10257, -2.86544, 94.09918],
			"translation": [4.78617, 4.10068, 0.91021],
			"scale": [0.41172, 0.41172, 0.41172]
		},
		"head": {
			"rotation": [145.41103, 5.71617, 81.78112],
			"translation": [7.35587, -2.66874, 1.82042],
			"scale": [0.82344, 0.82344, 0.82344]
		},
		"fixed": {
			"rotation": [34.89743, 2.86544, -85.90082],
			"translation": [-8.65788, 9.16109, 1.29366],
			"scale": [0.65876, 0.65876, 0.65876]
		}
	}
}