{
	"textures": {
		"0": "item/madoka_bow"
	},
	"elements": [
		{
			"from": [6.78559, 6.78559, 7.6964],
			"to": [9.21441, 9.21441, 8.3036],
			"light_emission": 0,
			"faces": {
				"north": {
					"uv": [8, 8, 16, 16],
					"texture": "#0"
				},
				"east": {
					"uv": [6, 0, 8, 8],
					"texture": "#0"
				},
				"south": {
					"uv": [8, 0, 16, 8],
					"texture": "#0"
				},
				"west": {
					"uv": [4, 0, 6, 8],
					"texture": "#0"
				},
				"up": {
					"uv": [4, 8, 6, 16],
					"rotation": 90,
					"texture": "#0"
				},
				"down": {
					"uv": [6, 8, 8, 16],
					"rotation": 90,
					"texture": "#0"
				}
			}
		}
	],
	"display": {
		"thirdperson_righthand": {
			"rotation": [-85, -45, 175],
			"translation": [0.58656, 15.60528, 9.32146],
			"scale": [0.82344, 0.82344, 0.82344]
		},
		"thirdperson_lefthand": {
			"rotation": [-85, -45, 175],
			"translation": [0.58656, 15.60528, 9.32146],
			"scale": [0.82344, 0.82344, 0.82344]
		},
		"firstperson_righthand": {
			"rotation": [-85, -45, 175],
			"translation": [-2.70672, 11.80264, 7.28573],
			"scale": [0.41172, 0.41172, 0.41172]
		},
		"firstperson_lefthand": {
			"rotation": [85, 45, -5],
			"translation": [-3.29328, -5.80264, 7.28573],
			"scale": [0.41172, 0.41172, 0.41172]
		},
		"ground": {
			"rotation": [-44.89077, 3.53329, -98.54003],
			"translation": [2.03573, 18.80264, -2.29328],
			"scale": [0.41172, 0.41172, 0.41172]
		},
		"gui": {
			"rotation": [-142.54628, 27.03402, 115.68206],
			"translation": [4.78493, 6.66388, 2.29328],
			"scale": [0.41172, 0.41172, 0.41172]
		},
		"head": {
			"rotation": [-137.81374, 17.38772, 103.2489],
			"translation": [6.02665, 2.28235, 4.58656],
			"scale": [0.82344, 0.82344, 0.82344]
		},
		"fixed": {
			"rotation": [-37.45372, -27.03402, -64.31794],
			"translation": [-8.65588, 13.26222, -0.91925],
			"scale": [0.65876, 0.65876, 0.65876]
		}
	}
}