{
	"textures": {
		"0": "item/madoka_bow"
	},
	"elements": [
		{
			"from": [6.81906, 6.81906, 7.70476],
			"to": [9.18094, 9.18094, 8.29524],
			"light_emission": 0,
			"faces": {
				"north": {
					"uv": [8, 8, 16, 16],
					"texture": "#0"
				},
				"east": {
					"uv": [6, 0, 8, 8],
					"texture": "#0"
				},
				"south": {
					"uv": [8, 0, 16, 8],
					"texture": "#0"
				},
				"west": {
					"uv": [4, 0, 6, 8],
					"texture": "#0"
				},
				"up": {
					"uv": [4, 8, 6, 16],
					"rotation": 90,
					"texture": "#0"
				},
				"down": {
					"uv": [6, 8, 8, 16],
					"rotation": 90,
					"texture": "#0"
				}
			}
		}
	],
	"display": {
		"thirdperson_righthand": {
			"rotation": [1.35553, -6.68398, -38.40345],
			"translation": [-0.03703, 16.91201, 7.19811],
			"scale": [0.84678, 0.84678, 0.84678]
		},
		"thirdperson_lefthand": {
			"rotation": [1.35553, -6.68398, -38.40345],
			"translation": [-0.03703, 16.91201, 7.19811],
			"scale": [0.84678, 0.84678, 0.84678]
		},
		"firstperson_righthand": {
			"rotation": [1.35553, -6.68398, -38.40345],
			"translation": [-3.01852, 12.45601, 6.22406],
			"scale": [0.42339, 0.42339, 0.42339]
		},
		"firstperson_lefthand": {
			"rotation": [-1.35553, 6.68398, 141.59655],
			"translation": [-2.98148, -6.45601, 6.22406],
			"scale": [0.42339, 0.42339, 0.42339]
		},
		"ground": {
			"rotation": [11.41259, 83.18057, -49.8952],
			"translation": [0.97406, 19.45601, -1.98148],
			"scale": [0.42339, 0.42339, 0.42339]
		},
		"gui": {
			"rotation": [-99.63664, -45.94874, -135.36113],
			"translation": [5.99764, 6.37517, 1.98148],
			"scale": [0.42339, 0.42339, 0.42339]
		},
		"head": {
			"rotation": [-103.73733, -60.65052, -140.43248],
			"translation": [8.51889, 2.35234, 3.96297],
			"scale": [0.84678, 0.84678, 0.84678]
		},
		"fixed": {
			"rotation": [-80.36336, 45.94874, 44.63887],
			"translation": [-10.59623, 12.80027, -0.42038],
			"scale": [0.67743, 0.67743, 0.67743]
		}
	}
}