{
	"textures": {
		"0": "item/madoka_bow"
	},
	"elements": [
		{
			"from": [7.40953, 7.40953, 7.85238],
			"to": [8.59047, 8.59047, 8.14762],
			"light_emission": 0,
			"faces": {
				"north": {
					"uv": [8, 8, 16, 16],
					"texture": "#0"
				},
				"east": {
					"uv": [6, 0, 8, 8],
					"texture": "#0"
				},
				"south": {
					"uv": [8, 0, 16, 8],
					"texture": "#0"
				},
				"west": {
					"uv": [4, 0, 6, 8],
					"texture": "#0"
				},
				"up": {
					"uv": [4, 8, 6, 16],
					"rotation": 90,
					"texture": "#0"
				},
				"down": {
					"uv": [6, 8, 8, 16],
					"rotation": 90,
					"texture": "#0"
				}
			}
		}
	],
	"display": {
		"thirdperson_righthand": {
			"rotation": [-52.97362, 53.24522, 62.72603],
			"translation": [-0.23447, 16.65587, 7.80185],
			"scale": [0.84678, 0.84678, 0.84678]
		},
		"thirdperson_lefthand": {
			"rotation": [-52.97362, 53.24522, 62.72603],
			"translation": [-0.23447, 16.65587, 7.80185],
			"scale": [0.84678, 0.84678, 0.84678]
		},
		"firstperson_righthand": {
			"rotation": [-52.97362, 53.24522, 62.72603],
			"translation": [-3.11723, 12.32793, 6.52592],
			"scale": [0.42339, 0.42339, 0.42339]
		},
		"firstperson_lefthand": {
			"rotation": [52.97362, -53.24522, -117.27397],
			"translation": [-2.88277, -6.32793, 6.52592],
			"scale": [0.42339, 0.42339, 0.42339]
		},
		"ground": {
			"rotation": [-149.19381, 21.12114, -176.12818],
			"translation": [1.27592, 19.32793, -1.88277],
			"scale": [0.42339, 0.42339, 0.42339]
		},
		"gui": {
			"rotation": [-36.48828, 4.76144, -33.67723],
			"translation": [5.69363, 6.49806, 1.88277],
			"scale": [0.42339, 0.42339, 0.42339]
		},
		"head": {
			"rotation": [-36.54793, -4.19775, -21.63429],
			"translation": [7.86797, 2.43238, 3.76553],
			"scale": [0.84678, 0.84678, 0.84678]
		},
		"fixed": {
			"rotation": [-143.51172, -4.76144, 146.32277],
			"translation": [-10.10981, 12.9969, -0.26243],
			"scale": [0.67743, 0.67743, 0.67743]
		}
	}
}