{
	"textures": {
		"0": "unknown"
	},
	"elements": [
		{
			"from": [6.76526, 6.76526, 7.22829],
			"to": [9.23474, 9.23474, 8.77171],
			"light_emission": 0,
			"faces": {
				"north": {
					"uv": [0, 1, 4, 5],
					"rotation": 270,
					"texture": "#0"
				},
				"east": {
					"uv": [1, 12, 3, 16],
					"texture": "#0"
				},
				"south": {
					"uv": [0, 1, 4, 5],
					"rotation": 270,
					"texture": "#0"
				},
				"west": {
					"uv": [1, 12, 3, 16],
					"texture": "#0"
				},
				"up": {
					"uv": [1, 12, 3, 16],
					"rotation": 90,
					"texture": "#0"
				},
				"down": {
					"uv": [1, 12, 3, 16],
					"rotation": 90,
					"texture": "#0"
				}
			}
		}
	],
	"display": {
		"thirdperson_righthand": {
			"rotation": [52.5, -90, 0],
			"translation": [0, 2, 1.25],
			"scale": [0.80989, 0.80989, 0.80989]
		},
		"thirdperson_lefthand": {
			"rotation": [52.5, -90, 0],
			"translation": [0, 2, 1.25],
			"scale": [0.80989, 0.80989, 0.80989]
		},
		"firstperson_righthand": {
			"rotation": [52.5, -90, 0],
			"translation": [-3, 5, 3.25],
			"scale": [0.40494, 0.40494, 0.40494]
		},
		"firstperson_lefthand": {
			"rotation": [127.5, 90, 0],
			"translation": [-3, 1, 3.25],
			"scale": [0.40494, 0.40494, 0.40494]
		},
		"ground": {
			"rotation": [0, 0, -52.5],
			"translation": [-2, 12, -2],
			"scale": [0.40494, 0.40494, 0.40494]
		},
		"gui": {
			"rotation": [180, 0, 172.5],
			"translation": [2.82843, -1, 2],
			"scale": [0.40494, 0.40494, 0.40494]
		},
		"head": {
			"rotation": [-180, 0, 157.5],
			"translation": [6.2141, -13.5359, 4],
			"scale": [0.80989, 0.80989, 0.80989]
		},
		"fixed": {
			"rotation": [0, 0, -7.5],
			"translation": [-5.52548, 1, -0.45],
			"scale": [0.64791, 0.64791, 0.64791]
		}
	}
}