{
	"textures": {
		"0": "unknown"
	},
	"elements": [
		{
			"from": [6.76526, 6.76526, 7.69132],
			"to": [9.23474, 9.23474, 8.30868],
			"light_emission": 0,
			"faces": {
				"north": {
					"uv": [8, 8, 16, 16],
					"texture": "#0"
				},
				"east": {
					"uv": [6, 0, 8, 8],
					"texture": "#0"
				},
				"south": {
					"uv": [8, 0, 16, 8],
					"texture": "#0"
				},
				"west": {
					"uv": [4, 0, 6, 8],
					"texture": "#0"
				},
				"up": {
					"uv": [4, 8, 6, 16],
					"rotation": 90,
					"texture": "#0"
				},
				"down": {
					"uv": [6, 8, 8, 16],
					"rotation": 90,
					"texture": "#0"
				}
			}
		}
	],
	"display": {
		"thirdperson_righthand": {
			"rotation": [-64.56968, 49.27781, 74.26772],
			"translation": [-0.68663, 15.30802, 9.77075],
			"scale": [0.80989, 0.80989, 0.80989]
		},
		"thirdperson_lefthand": {
			"rotation": [-64.56968, 49.27781, 74.26772],
			"translation": [-0.68663, 15.30802, 9.77075],
			"scale": [0.80989, 0.80989, 0.80989]
		},
		"firstperson_righthand": {
			"rotation": [-64.56968, 49.27781, 74.26772],
			"translation": [-3.34331, 11.65401, 7.51037],
			"scale": [0.40494, 0.40494, 0.40494]
		},
		"firstperson_lefthand": {
			"rotation": [64.56968, -49.27781, -105.73228],
			"translation": [-2.65669, -5.65401, 7.51037],
			"scale": [0.40494, 0.40494, 0.40494]
		},
		"ground": {
			"rotation": [-142.13835, 16.2689, -175.91512],
			"translation": [2.26037, 18.65401, -1.65669],
			"scale": [0.40494, 0.40494, 0.40494]
		},
		"gui": {
			"rotation": [-39.04499, 12.62216, -30.81075],
			"translation": [4.52098, 6.71763, 1.65669],
			"scale": [0.40494, 0.40494, 0.40494]
		},
		"head": {
			"rotation": [-40.63201, 2.9794, -19.19868],
			"translation": [5.48892, 2.24956, 3.31337],
			"scale": [0.80989, 0.80989, 0.80989]
		},
		"fixed": {
			"rotation": [-140.95501, -12.62216, 149.18925],
			"translation": [-8.23357, 13.34821, 0.0993],
			"scale": [0.64791, 0.64791, 0.64791]
		}
	}
}