{
	"textures": {
		"0": "unknown"
	},
	"elements": [
		{
			"from": [6.76526, 6.76526, 7.69132],
			"to": [9.23474, 9.23474, 8.30868],
			"light_emission": 0,
			"faces": {
				"north": {
					"uv": [8, 8, 16, 16],
					"texture": "#0"
				},
				"east": {
					"uv": [6, 0, 8, 8],
					"texture": "#0"
				},
				"south": {
					"uv": [8, 0, 16, 8],
					"texture": "#0"
				},
				"west": {
					"uv": [4, 0, 6, 8],
					"texture": "#0"
				},
				"up": {
					"uv": [4, 8, 6, 16],
					"rotation": 90,
					"texture": "#0"
				},
				"down": {
					"uv": [6, 8, 8, 16],
					"rotation": 90,
					"texture": "#0"
				}
			}
		}
	],
	"display": {
		"thirdperson_righthand": {
			"rotation": [8.85553, -6.68398, -38.40345],
			"translation": [-0.03703, 16.00805, 9.09363],
			"scale": [0.80989, 0.80989, 0.80989]
		},
		"thirdperson_lefthand": {
			"rotation": [8.85553, -6.68398, -38.40345],
			"translation": [-0.03703, 16.00805, 9.09363],
			"scale": [0.80989, 0.80989, 0.80989]
		},
		"firstperson_righthand": {
			"rotation": [8.85553, -6.68398, -38.40345],
			"translation": [-3.01852, 12.00403, 7.17182],
			"scale": [0.40494, 0.40494, 0.40494]
		},
		"firstperson_lefthand": {
			"rotation": [-8.85553, 6.68398, 141.59655],
			"translation": [-2.98148, -6.00403, 7.17182],
			"scale": [0.40494, 0.40494, 0.40494]
		},
		"ground": {
			"rotation": [52.71981, 78.92122, -91.64141],
			"translation": [1.92182, 19.00403, -1.98148],
			"scale": [0.40494, 0.40494, 0.40494]
		},
		"gui": {
			"rotation": [-101.23751, -53.32571, -137.45767],
			"translation": [5.00788, 6.72574, 1.98148],
			"scale": [0.40494, 0.40494, 0.40494]
		},
		"head": {
			"rotation": [-107.99774, -67.87049, -145.1523],
			"translation": [6.42534, 2.51725, 3.96297],
			"scale": [0.80989, 0.80989, 0.80989]
		},
		"fixed": {
			"rotation": [-78.76249, 53.32571, 42.54233],
			"translation": [-9.01261, 13.36118, -0.42038],
			"scale": [0.64791, 0.64791, 0.64791]
		}
	}
}