{
	"textures": {
		"0": "unknown"
	},
	"elements": [
		{
			"from": [7.07395, 7.07395, 7.79627],
			"to": [8.92605, 8.92605, 8.20373],
			"light_emission": 0,
			"faces": {
				"north": {
					"uv": [8, 8, 16, 16],
					"texture": "#0"
				},
				"east": {
					"uv": [6, 0, 8, 8],
					"texture": "#0"
				},
				"south": {
					"uv": [8, 0, 16, 8],
					"texture": "#0"
				},
				"west": {
					"uv": [4, 0, 6, 8],
					"texture": "#0"
				},
				"up": {
					"uv": [4, 8, 6, 16],
					"rotation": 90,
					"texture": "#0"
				},
				"down": {
					"uv": [6, 8, 8, 16],
					"rotation": 90,
					"texture": "#0"
				}
			}
		}
	],
	"display": {
		"thirdperson_righthand": {
			"rotation": [-60.34086, -66.67523, -144.56293],
			"translation": [0.45327, 15.6773, 9.67391],
			"scale": [0.80989, 0.80989, 0.80989]
		},
		"thirdperson_lefthand": {
			"rotation": [-60.34086, -66.67523, -144.56293],
			"translation": [0.45327, 15.6773, 9.67391],
			"scale": [0.80989, 0.80989, 0.80989]
		},
		"firstperson_righthand": {
			"rotation": [-60.34086, -66.67523, -144.56293],
			"translation": [-2.77337, 11.83865, 7.46196],
			"scale": [0.40494, 0.40494, 0.40494]
		},
		"firstperson_lefthand": {
			"rotation": [60.34086, 66.67523, 35.43707],
			"translation": [-3.22663, -5.83865, 7.46196],
			"scale": [0.40494, 0.40494, 0.40494]
		},
		"ground": {
			"rotation": [-20.54044, 11.29893, -82.16834],
			"translation": [2.21196, 18.83865, -2.22663],
			"scale": [0.40494, 0.40494, 0.40494]
		},
		"gui": {
			"rotation": [-157.42162, 6.01281, 139.57657],
			"translation": [4.68578, 6.81396, 2.22663],
			"scale": [0.40494, 0.40494, 0.40494]
		},
		"head": {
			"rotation": [-156.6756, 0.13496, 125.75007],
			"translation": [5.75743, 2.52095, 4.45327],
			"scale": [0.80989, 0.80989, 0.80989]
		},
		"fixed": {
			"rotation": [-22.57838, -6.01281, -40.42343],
			"translation": [-8.49725, 13.50233, -0.81261],
			"scale": [0.64791, 0.64791, 0.64791]
		}
	}
}