{
	"textures": {
		"0": "unknown"
	},
	"elements": [
		{
			"from": [7.07395, 7.07395, 7.79627],
			"to": [8.92605, 8.92605, 8.20373],
			"light_emission": 0,
			"faces": {
				"north": {
					"uv": [8, 8, 16, 16],
					"rotation": 90,
					"texture": "#0"
				},
				"east": {
					"uv": [6, 8, 8, 0],
					"texture": "#0"
				},
				"south": {
					"uv": [8, 0, 16, 8],
					"rotation": 270,
					"texture": "#0"
				},
				"west": {
					"uv": [6, 8, 4, 0],
					"texture": "#0"
				},
				"up": {
					"uv": [8, 8, 6, 16],
					"rotation": 90,
					"texture": "#0"
				},
				"down": {
					"uv": [6, 8, 4, 16],
					"rotation": 90,
					"texture": "#0"
				}
			}
		}
	],
	"display": {
		"thirdperson_righthand": {
			"rotation": [-89.61757, 19.09115, 26.03661],
			"translation": [-0.18357, 15.14158, 9.80739],
			"scale": [0.80989, 0.80989, 0.80989]
		},
		"thirdperson_lefthand": {
			"rotation": [-89.61757, 19.09115, 26.03661],
			"translation": [-0.18357, 15.14158, 9.80739],
			"scale": [0.80989, 0.80989, 0.80989]
		},
		"firstperson_righthand": {
			"rotation": [-89.61757, 19.09115, 26.03661],
			"translation": [-3.09179, 11.57079, 7.5287],
			"scale": [0.40494, 0.40494, 0.40494]
		},
		"firstperson_lefthand": {
			"rotation": [89.61757, -19.09115, -153.96339],
			"translation": [-2.90821, -5.57079, 7.5287],
			"scale": [0.40494, 0.40494, 0.40494]
		},
		"ground": {
			"rotation": [-109.09155, 0.3614, 116.1617],
			"translation": [2.2787, 18.57079, -1.90821],
			"scale": [0.40494, 0.40494, 0.40494]
		},
		"gui": {
			"rotation": [-64.0693, 41.58577, -81.85007],
			"translation": [4.44918, 6.67175, 1.90821],
			"scale": [0.40494, 0.40494, 0.40494]
		},
		"head": {
			"rotation": [-68.29122, 27.84147, -74.49642],
			"translation": [5.37397, 2.12374, 3.81643],
			"scale": [0.80989, 0.80989, 0.80989]
		},
		"fixed": {
			"rotation": [-115.9307, -41.58577, 98.14993],
			"translation": [-8.11869, 13.2748, -0.30314],
			"scale": [0.64791, 0.64791, 0.64791]
		}
	}
}