{
	"textures": {
		"0": "item/madoka_bow"
	},
	"elements": [
		{
			"from": [7.07395, 7.07395, 7.79627],
			"to": [8.92605, 8.92605, 8.20373],
			"light_emission": 0,
			"faces": {
				"north": {
					"uv": [8, 8, 16, 16],
					"texture": "#0"
				},
				"east": {
					"uv": [6, 0, 8, 8],
					"texture": "#0"
				},
				"south": {
					"uv": [8, 0, 16, 8],
					"texture": "#0"
				},
				"west": {
					"uv": [4, 0, 6, 8],
					"texture": "#0"
				},
				"up": {
					"uv": [4, 8, 6, 16],
					"rotation": 90,
					"texture": "#0"
				},
				"down": {
					"uv": [6, 8, 8, 16],
					"rotation": 90,
					"texture": "#0"
				}
			}
		}
	],
	"display": {
		"thirdperson_righthand": {
			"rotation": [-10.56988, 37.36352, -4.89471],
			"translation": [-0.44793, 15.87672, 9.49475],
			"scale": [0.80989, 0.80989, 0.80989]
		},
		"thirdperson_lefthand": {
			"rotation": [-10.56988, 37.36352, -4.89471],
			"translation": [-0.44793, 15.87672, 9.49475],
			"scale": [0.80989, 0.80989, 0.80989]
		},
		"firstperson_righthand": {
			"rotation": [-10.56988, 37.36352, -4.89471],
			"translation": [-3.22397, 11.93836, 7.37237],
			"scale": [0.40494, 0.40494, 0.40494]
		},
		"firstperson_lefthand": {
			"rotation": [10.56988, -37.36352, 175.10529],
			"translation": [-2.77603, -5.93836, 7.37237],
			"scale": [0.40494, 0.40494, 0.40494]
		},
		"ground": {
			"rotation": [-166.4913, 51.38113, 158.01364],
			"translation": [2.12237, 18.93836, -1.77603],
			"scale": [0.40494, 0.40494, 0.40494]
		},
		"gui": {
			"rotation": [-47.20894, -26.70399, -72.30733],
			"translation": [4.81963, 6.82112, 1.77603],
			"scale": [0.40494, 0.40494, 0.40494]
		},
		"head": {
			"rotation": [-40.42365, -37.13834, -59.56565],
			"translation": [6.0123, 2.60407, 3.55207],
			"scale": [0.80989, 0.80989, 0.80989]
		},
		"fixed": {
			"rotation": [-132.79106, 26.70399, 107.69267],
			"translation": [-8.71141, 13.51379, -0.09166],
			"scale": [0.64791, 0.64791, 0.64791]
		}
	}
}