{
	"textures": {
		"0": "unknown"
	},
	"elements": [
		{
			"from": [7.38263, 7.38263, 7.84566],
			"to": [8.61737, 8.61737, 8.15434],
			"light_emission": 0,
			"faces": {
				"north": {
					"uv": [8, 8, 16, 16],
					"texture": "#0"
				},
				"east": {
					"uv": [6, 0, 8, 8],
					"texture": "#0"
				},
				"south": {
					"uv": [8, 0, 16, 8],
					"texture": "#0"
				},
				"west": {
					"uv": [4, 0, 6, 8],
					"texture": "#0"
				},
				"up": {
					"uv": [4, 8, 6, 16],
					"rotation": 90,
					"texture": "#0"
				},
				"down": {
					"uv": [6, 8, 8, 16],
					"rotation": 90,
					"texture": "#0"
				}
			}
		}
	],
	"display": {
		"thirdperson_righthand": {
			"rotation": [26.36002, -12.26005, -38.4362],
			"translation": [0.1176, 16.09094, 9.52403],
			"scale": [0.80989, 0.80989, 0.80989]
		},
		"thirdperson_lefthand": {
			"rotation": [26.36002, -12.26005, -38.4362],
			"translation": [0.1176, 16.09094, 9.52403],
			"scale": [0.80989, 0.80989, 0.80989]
		},
		"firstperson_righthand": {
			"rotation": [26.36002, -12.26005, -38.4362],
			"translation": [-2.9412, 12.04547, 7.38702],
			"scale": [0.40494, 0.40494, 0.40494]
		},
		"firstperson_lefthand": {
			"rotation": [-26.36002, 12.26005, 141.5638],
			"translation": [-3.0588, -6.04547, 7.38702],
			"scale": [0.40494, 0.40494, 0.40494]
		},
		"ground": {
			"rotation": [63.92219, 61.11453, -105.23984],
			"translation": [2.13702, 19.04547, -2.0588],
			"scale": [0.40494, 0.40494, 0.40494]
		},
		"gui": {
			"rotation": [-124.21117, -67.80988, -160.62781],
			"translation": [4.88502, 6.90721, 2.0588],
			"scale": [0.40494, 0.40494, 0.40494]
		},
		"head": {
			"rotation": [-163.71396, -77.21894, 158.24091],
			"translation": [6.09405, 2.80423, 4.1176],
			"scale": [0.80989, 0.80989, 0.80989]
		},
		"fixed": {
			"rotation": [-55.78883, 67.80988, 19.37219],
			"translation": [-8.81603, 13.65154, -0.54408],
			"scale": [0.64791, 0.64791, 0.64791]
		}
	}
}