{
	"textures": {
		"0": "item/madoka_bow"
	},
	"elements": [
		{
			"from": [7.38263, 7.38263, 7.84566],
			"to": [8.61737, 8.61737, 8.15434],
			"light_emission": 0,
			"faces": {
				"north": {
					"uv": [8, 8, 16, 16],
					"texture": "#0"
				},
				"east": {
					"uv": [6, 0, 8, 8],
					"texture": "#0"
				},
				"south": {
					"uv": [8, 0, 16, 8],
					"texture": "#0"
				},
				"west": {
					"uv": [4, 0, 6, 8],
					"texture": "#0"
				},
				"up": {
					"uv": [4, 8, 6, 16],
					"rotation": 90,
					"texture": "#0"
				},
				"down": {
					"uv": [6, 8, 8, 16],
					"rotation": 90,
					"texture": "#0"
				}
			}
		}
	],
	"display": {
		"thirdperson_righthand": {
			"rotation": [-86.21839, -33.07917, 150.38933],
			"translation": [0.10466, 15.66071, 9.74611],
			"scale": [0.80989, 0.80989, 0.80989]
		},
		"thirdperson_lefthand": {
			"rotation": [-86.21839, -33.07917, 150.38933],
			"translation": [0.10466, 15.66071, 9.74611],
			"scale": [0.80989, 0.80989, 0.80989]
		},
		"firstperson_righthand": {
			"rotation": [-86.21839, -33.07917, 150.38933],
			"translation": [-2.94767, 11.83035, 7.49806],
			"scale": [0.40494, 0.40494, 0.40494]
		},
		"firstperson_lefthand": {
			"rotation": [86.21839, 33.07917, -29.61067],
			"translation": [-3.05233, -5.83035, 7.49806],
			"scale": [0.40494, 0.40494, 0.40494]
		},
		"ground": {
			"rotation": [-56.86369, 3.16799, -121.67676],
			"translation": [2.24806, 18.83035, -2.05233],
			"scale": [0.40494, 0.40494, 0.40494]
		},
		"gui": {
			"rotation": [-130.89107, 33.51323, 85.94269],
			"translation": [4.65439, 6.83362, 2.05233],
			"scale": [0.40494, 0.40494, 0.40494]
		},
		"head": {
			"rotation": [-125.98246, 21.72713, 75.43391],
			"translation": [5.68661, 2.54268, 4.10466],
			"scale": [0.80989, 0.80989, 0.80989]
		},
		"fixed": {
			"rotation": [-49.10893, -33.51323, -94.05731],
			"translation": [-8.44702, 13.53379, -0.53373],
			"scale": [0.64791, 0.64791, 0.64791]
		}
	}
}