{
	"textures": {
		"0": "item/madoka_bow"
	},
	"elements": [
		{
			"from": [7.38263, 7.38263, 7.84566],
			"to": [8.61737, 8.61737, 8.15434],
			"light_emission": 0,
			"faces": {
				"north": {
					"uv": [8, 8, 16, 16],
					"texture": "#0"
				},
				"east": {
					"uv": [6, 0, 8, 8],
					"texture": "#0"
				},
				"south": {
					"uv": [8, 0, 16, 8],
					"texture": "#0"
				},
				"west": {
					"uv": [4, 0, 6, 8],
					"texture": "#0"
				},
				"up": {
					"uv": [4, 8, 6, 16],
					"rotation": 90,
					"texture": "#0"
				},
				"down": {
					"uv": [6, 8, 8, 16],
					"rotation": 90,
					"texture": "#0"
				}
			}
		}
	],
	"display": {
		"thirdperson_righthand": {
			"rotation": [-45.47362, 53.24522, 62.72603],
			"translation": [-0.23447, 15.6753, 9.65877],
			"scale": [0.80989, 0.80989, 0.80989]
		},
		"thirdperson_lefthand": {
			"rotation": [-45.47362, 53.24522, 62.72603],
			"translation": [-0.23447, 15.6753, 9.65877],
			"scale": [0.80989, 0.80989, 0.80989]
		},
		"firstperson_righthand": {
			"rotation": [-45.47362, 53.24522, 62.72603],
			"translation": [-3.11723, 11.83765, 7.45438],
			"scale": [0.40494, 0.40494, 0.40494]
		},
		"firstperson_lefthand": {
			"rotation": [45.47362, -53.24522, -117.27397],
			"translation": [-2.88277, -5.83765, 7.45438],
			"scale": [0.40494, 0.40494, 0.40494]
		},
		"ground": {
			"rotation": [-151.96644, 24.81026, -169.03351],
			"translation": [2.20438, 18.83765, -1.88277],
			"scale": [0.40494, 0.40494, 0.40494]
		},
		"gui": {
			"rotation": [-36.75384, 0.28341, -27.65343],
			"translation": [4.69043, 6.8079, 1.88277],
			"scale": [0.40494, 0.40494, 0.40494]
		},
		"head": {
			"rotation": [-35.86654, -8.63226, -15.546],
			"translation": [5.76954, 2.51164, 3.76553],
			"scale": [0.80989, 0.80989, 0.80989]
		},
		"fixed": {
			"rotation": [-143.24616, -0.28341, 152.34657],
			"translation": [-8.50468, 13.49263, -0.26243],
			"scale": [0.64791, 0.64791, 0.64791]
		}
	}
}