{
	"textures": {
		"0": "item/madoka_bow"
	},
	"elements": [
		{
			"from": [7.76849, 7.38263, 7.76849],
			"to": [8.23151, 8.61737, 8.23151],
			"light_emission": 0,
			"faces": {
				"north": {
					"uv": [0, 5, 1, 15],
					"texture": "#0"
				},
				"east": {
					"uv": [0, 5, 1, 15],
					"texture": "#0"
				},
				"south": {
					"uv": [0, 5, 1, 15],
					"texture": "#0"
				},
				"west": {
					"uv": [0, 5, 1, 15],
					"texture": "#0"
				},
				"up": {
					"uv": [0, 5, 1, 6],
					"texture": "#0"
				},
				"down": {
					"uv": [0, 5, 1, 6],
					"texture": "#0"
				}
			}
		}
	],
	"display": {
		"thirdperson_righthand": {
			"rotation": [90, -45, 0],
			"translation": [0, -1.88661, 4.45],
			"scale": [0.80989, 0.80989, 0.80989]
		},
		"thirdperson_lefthand": {
			"rotation": [90, -45, 0],
			"translation": [0, -1.88661, 4.45],
			"scale": [0.80989, 0.80989, 0.80989]
		},
		"firstperson_righthand": {
			"rotation": [90, -45, 0],
			"translation": [-3, 3.05669, 4.85],
			"scale": [0.40494, 0.40494, 0.40494]
		},
		"firstperson_lefthand": {
			"rotation": [-90, 45, 180],
			"translation": [-3, 2.94331, 4.85],
			"scale": [0.40494, 0.40494, 0.40494]
		},
		"ground": {
			"rotation": [45, 0, -90],
			"translation": [-0.4, 10.05669, -2],
			"scale": [0.40494, 0.40494, 0.40494]
		},
		"gui": {
			"rotation": [144.73561, -30, 125.26439],
			"translation": [0.32293, -1.24275, 2],
			"scale": [0.40494, 0.40494, 0.40494]
		},
		"head": {
			"rotation": [139.10661, -20.70481, 112.20765],
			"translation": [1.49951, -15.3018, 4],
			"scale": [0.80989, 0.80989, 0.80989]
		},
		"fixed": {
			"rotation": [35.26439, 30, -54.73561],
			"translation": [-1.51669, 0.61159, -0.45],
			"scale": [0.64791, 0.64791, 0.64791]
		}
	}
}