{
	"textures": {
		"0": "item/madoka_bow"
	},
	"elements": [
		{
			"from": [7.69132, 7.69132, 7.69132],
			"to": [8.30868, 8.30868, 8.30868],
			"light_emission": 0,
			"faces": {
				"north": {
					"uv": [0, 14, 1, 15],
					"texture": "#0"
				},
				"east": {
					"uv": [0, 14, 1, 15],
					"texture": "#0"
				},
				"south": {
					"uv": [0, 14, 1, 15],
					"texture": "#0"
				},
				"west": {
					"uv": [0, 14, 1, 15],
					"texture": "#0"
				},
				"up": {
					"uv": [0, 14, 1, 15],
					"texture": "#0"
				},
				"down": {
					"uv": [0, 14, 1, 15],
					"texture": "#0"
				}
			}
		}
	],
	"display": {
		"thirdperson_righthand": {
			"rotation": [45, -90, 0],
			"translation": [0, -1.875, -1],
			"scale": [0.80989, 0.80989, 0.80989]
		},
		"thirdperson_lefthand": {
			"rotation": [45, -90, 0],
			"translation": [0, -1.875, -1],
			"scale": [0.80989, 0.80989, 0.80989]
		},
		"firstperson_righthand": {
			"rotation": [45, -90, 0],
			"translation": [-3, 3.0625, 2.125],
			"scale": [0.40494, 0.40494, 0.40494]
		},
		"firstperson_lefthand": {
			"rotation": [135, 90, 0],
			"translation": [-3, 2.9375, 2.125],
			"scale": [0.40494, 0.40494, 0.40494]
		},
		"ground": {
			"rotation": [0, 0, -45],
			"translation": [-3.125, 10.0625, -2],
			"scale": [0.40494, 0.40494, 0.40494]
		},
		"gui": {
			"rotation": [180, 0, -180],
			"translation": [2.2539, -3.16551, 2],
			"scale": [0.40494, 0.40494, 0.40494]
		},
		"head": {
			"rotation": [-180, 0, 165],
			"translation": [6.22516, -18.01675, 4],
			"scale": [0.80989, 0.80989, 0.80989]
		},
		"fixed": {
			"rotation": [0, 0, 0],
			"translation": [-4.60624, -2.46482, -0.45],
			"scale": [0.64791, 0.64791, 0.64791]
		}
	}
}