{
	"textures": {
		"0": "item/madoka_bow"
	},
	"elements": [
		{
			"from": [3.06104, 7.38263, 7.38263],
			"to": [12.93896, 8.61737, 8.61737],
			"light_emission": 0,
			"faces": {
				"north": {
					"uv": [1, 5, 3, 16],
					"rotation": 90,
					"texture": "#0"
				},
				"east": {
					"uv": [0, 15, 1, 16],
					"texture": "#0"
				},
				"south": {
					"uv": [1, 5, 3, 16],
					"rotation": 90,
					"texture": "#0"
				},
				"west": {
					"uv": [0, 15, 1, 16],
					"texture": "#0"
				},
				"up": {
					"uv": [1, 5, 3, 16],
					"rotation": 90,
					"texture": "#0"
				},
				"down": {
					"uv": [1, 5, 3, 16],
					"rotation": 90,
					"texture": "#0"
				}
			}
		}
	],
	"display": {
		"thirdperson_righthand": {
			"rotation": [47.5, -90, 0],
			"translation": [0, -16.28541, 6.59024],
			"scale": [0.80989, 0.80989, 0.80989]
		},
		"thirdperson_lefthand": {
			"rotation": [47.5, -90, 0],
			"translation": [0, -16.28541, 6.59024],
			"scale": [0.80989, 0.80989, 0.80989]
		},
		"firstperson_righthand": {
			"rotation": [47.5, -90, 0],
			"translation": [-3, -4.14271, 5.92012],
			"scale": [0.40494, 0.40494, 0.40494]
		},
		"firstperson_lefthand": {
			"rotation": [132.5, 90, 0],
			"translation": [-3, 10.14271, 5.92012],
			"scale": [0.40494, 0.40494, 0.40494]
		},
		"ground": {
			"rotation": [0, 0, -47.5],
			"translation": [0.67012, 2.85729, -2],
			"scale": [0.40494, 0.40494, 0.40494]
		},
		"gui": {
			"rotation": [180, 0, 177.5],
			"translation": [-5.5245, -5.57681, 2],
			"scale": [0.40494, 0.40494, 0.40494]
		},
		"head": {
			"rotation": [-180, 0, 162.5],
			"translation": [-7.55339, -26.70141, 4],
			"scale": [0.80989, 0.80989, 0.80989]
		},
		"fixed": {
			"rotation": [0, 0, -2.5],
			"translation": [7.83921, -6.32289, -0.45],
			"scale": [0.64791, 0.64791, 0.64791]
		}
	}
}