{
	"textures": {
		"0": "unknown"
	},
	"elements": [
		{
			"from": [3.06104, 7.38263, 7.38263],
			"to": [12.93896, 8.61737, 8.61737],
			"light_emission": 0,
			"faces": {
				"north": {
					"uv": [1, 5, 3, 16],
					"rotation": 90,
					"texture": "#0"
				},
				"east": {
					"uv": [0, 15, 1, 16],
					"texture": "#0"
				},
				"south": {
					"uv": [1, 5, 3, 16],
					"rotation": 90,
					"texture": "#0"
				},
				"west": {
					"uv": [0, 15, 1, 16],
					"texture": "#0"
				},
				"up": {
					"uv": [1, 5, 3, 16],
					"rotation": 90,
					"texture": "#0"
				},
				"down": {
					"uv": [1, 5, 3, 16],
					"rotation": 90,
					"texture": "#0"
				}
			}
		}
	],
	"display": {
		"thirdperson_righthand": {
			"rotation": [-47.5, -55, -180],
			"translation": [2.17958, 11.77874, 6.12596],
			"scale": [0.80989, 0.80989, 0.80989]
		},
		"thirdperson_lefthand": {
			"rotation": [-47.5, -55, -180],
			"translation": [2.17958, 11.77874, 6.12596],
			"scale": [0.80989, 0.80989, 0.80989]
		},
		"firstperson_righthand": {
			"rotation": [-47.5, -55, -180],
			"translation": [-1.91021, 9.88937, 5.68798],
			"scale": [0.40494, 0.40494, 0.40494]
		},
		"firstperson_lefthand": {
			"rotation": [47.5, 55, 0],
			"translation": [-4.08979, -3.88937, 5.68798],
			"scale": [0.40494, 0.40494, 0.40494]
		},
		"ground": {
			"rotation": [-27.30492, 22.79919, -126.89243],
			"translation": [0.43798, 16.88937, -3.08979],
			"scale": [0.40494, 0.40494, 0.40494]
		},
		"gui": {
			"rotation": [-145.02563, 1.43364, 92.04831],
			"translation": [4.56182, 4.18122, 3.08979],
			"scale": [0.40494, 0.40494, 0.40494]
		},
		"head": {
			"rotation": [-145.6431, -7.13136, 79.70716],
			"translation": [6.88076, -2.62928, 6.17958],
			"scale": [0.80989, 0.80989, 0.80989]
		},
		"fixed": {
			"rotation": [-34.97437, -1.43364, -87.95169],
			"translation": [-8.29891, 9.28995, -2.19366],
			"scale": [0.64791, 0.64791, 0.64791]
		}
	}
}