{
	"textures": {
		"0": "unknown"
	},
	"elements": [
		{
			"from": [6.76526, 6.76526, 7.69132],
			"to": [9.23474, 9.23474, 8.30868],
			"light_emission": 0,
			"faces": {
				"north": {
					"uv": [8, 8, 16, 16],
					"texture": "#0"
				},
				"east": {
					"uv": [6, 0, 8, 8],
					"texture": "#0"
				},
				"south": {
					"uv": [8, 0, 16, 8],
					"texture": "#0"
				},
				"west": {
					"uv": [4, 0, 6, 8],
					"texture": "#0"
				},
				"up": {
					"uv": [4, 8, 6, 16],
					"rotation": 90,
					"texture": "#0"
				},
				"down": {
					"uv": [6, 8, 8, 16],
					"rotation": 90,
					"texture": "#0"
				}
			}
		}
	],
	"display": {
		"thirdperson_righthand": {
			"rotation": [-82.5, -45, 175],
			"translation": [0.58656, 15.24026, 9.90723],
			"scale": [0.80989, 0.80989, 0.80989]
		},
		"thirdperson_lefthand": {
			"rotation": [-82.5, -45, 175],
			"translation": [0.58656, 15.24026, 9.90723],
			"scale": [0.80989, 0.80989, 0.80989]
		},
		"firstperson_righthand": {
			"rotation": [-82.5, -45, 175],
			"translation": [-2.70672, 11.62013, 7.57862],
			"scale": [0.40494, 0.40494, 0.40494]
		},
		"firstperson_lefthand": {
			"rotation": [82.5, 45, -5],
			"translation": [-3.29328, -5.62013, 7.57862],
			"scale": [0.40494, 0.40494, 0.40494]
		},
		"ground": {
			"rotation": [-44.75386, 5.29571, -100.31848],
			"translation": [2.32862, 18.62013, -2.29328],
			"scale": [0.40494, 0.40494, 0.40494]
		},
		"gui": {
			"rotation": [-141.57316, 25.49671, 113.48347],
			"translation": [4.44877, 6.74193, 2.29328],
			"scale": [0.40494, 0.40494, 0.40494]
		},
		"head": {
			"rotation": [-137.26579, 15.69985, 101.32495],
			"translation": [5.33684, 2.25912, 4.58656],
			"scale": [0.80989, 0.80989, 0.80989]
		},
		"fixed": {
			"rotation": [-38.42684, -25.49671, -66.51653],
			"translation": [-8.11803, 13.38709, -0.91925],
			"scale": [0.64791, 0.64791, 0.64791]
		}
	}
}